#type,time,ch,ticks,l,fL,v,fV,f,fF,o,scale,en,fEn,vDiff,vCnt,oDiff,envlp,envlpIndex,nE,nF,offset,data,wtbIndex,fCtrlA,fCtrlB,wNCtrl,vVCtrl,aVCtrl,envPCtrlL,envPCtrlM,envShape,ioParallel1,ioParallel2
fCA,0.0,0,0,0,,0,,0,0,1,r,0,0,0,0,0,,,,,,,,0,0,0,187,0,11,0,0,0,0
fCB,0.0,0,0,0,,0,,0,0,1,r,0,0,0,0,0,,,,,,,,0,0,0,187,0,11,0,0,0,0
aVC,4.5351473922902495e-05,0,0,109,,0,,0,0,1,r,0,0,0,1,1,,,,,,,,0,0,0,187,0,11,0,0,0,0
fCB,1.8141269841269885,0,109,0,,0,,944,944,1,r,0,0,8,1,1,,,,,,,,176,3,0,185,0,11,0,0,0,0
aVC,1.8141723356009114,0,109,0,,8,,944,944,1,r,0,0,0,2,1,,,,,,,,176,3,0,185,8,11,0,0,0,0
mode,1.8141723356009114,0,109,2,,8,,944,944,2,a+,1,0,0,2,0,,,,,,,,176,3,0,184,8,11,0,0,0,0
fCA,1.8466213151927482,0,111,2,,8,,896,896,2,b,1,1,0,2,1,,,,,,,,128,3,0,184,8,11,0,0,0,0
fCA,1.8799546485260816,0,113,2,,8,,848,848,3,c,1,1,0,2,0,,,,,,,,80,3,0,184,8,11,0,0,0,0
fCA,1.9133106575963763,0,115,2,,8,,800,800,3,c+,1,1,0,2,0,,,,,,,,32,3,0,184,8,11,0,0,0,0
fCB,1.946507936507941,0,117,2,,8,,752,752,3,d,1,1,0,2,-1,,,,,,,,240,2,0,184,8,11,0,0,0,0
fCB,1.9800453514739274,0,119,2,,8,,944,944,2,a+,1,1,0,2,0,,,,,,,,176,3,0,184,8,11,0,0,0,0
fCA,2.0132653061224532,0,121,2,,8,,896,896,2,b,1,1,0,2,1,,,,,,,,128,3,0,184,8,11,0,0,0,0
fCA,2.0465986394557873,0,123,2,,8,,848,848,3,c,1,1,0,2,0,,,,,,,,80,3,0,184,8,11,0,0,0,0
fCA,2.0799546485260834,0,125,2,,8,,800,800,3,c+,1,1,0,2,0,,,,,,,,32,3,0,184,8,11,0,0,0,0
fCB,2.1133786848072633,0,127,2,,8,,752,752,3,d,1,1,0,2,-1,,,,,,,,240,2,0,184,8,11,0,0,0,0
fCB,2.1466666666666745,0,129,2,,8,,896,896,2,b,1,1,0,2,1,,,,,,,,128,3,0,184,8,11,0,0,0,0
fCA,2.179954648526086,0,131,2,,8,,848,848,3,c,1,1,0,2,0,,,,,,,,80,3,0,184,8,11,0,0,0,0
fCA,2.21328798185942,0,133,2,,8,,800,800,3,c+,1,1,0,2,0,,,,,,,,32,3,0,184,8,11,0,0,0,0
fCB,2.2466893424036387,0,135,2,,8,,752,752,3,d,1,1,0,2,0,,,,,,,,240,2,0,184,8,11,0,0,0,0
fCA,2.2800680272108957,0,137,2,,8,,712,712,3,d+,1,1,0,2,-1,,,,,,,,200,2,0,184,8,11,0,0,0,0
fCB,2.3135374149659986,0,139,2,,8,,896,896,2,b,1,1,0,2,1,,,,,,,,128,3,0,184,8,11,0,0,0,0
fCA,2.346734693877564,0,141,2,,8,,848,848,3,c,1,1,0,2,0,,,,,,,,80,3,0,184,8,11,0,0,0,0
fCA,2.38009070294786,0,143,2,,8,,800,800,3,c+,1,1,0,2,0,,,,,,,,32,3,0,184,8,11,0,0,0,0
fCB,2.413333333333348,0,145,2,,8,,752,752,3,d,1,1,0,2,0,,,,,,,,240,2,0,184,8,11,0,0,0,0
fCA,2.4466666666666823,0,147,2,,8,,712,712,3,d+,1,1,0,2,0,,,,,,,,200,2,0,184,8,11,0,0,0,0
fCB,2.4800907029478627,0,149,2,,8,,848,848,3,c,1,1,0,2,0,,,,,,,,80,3,0,184,8,11,0,0,0,0
fCA,2.5133560090703124,0,151,2,,8,,800,800,3,c+,1,1,0,2,0,,,,,,,,32,3,0,184,8,11,0,0,0,0
fCB,2.5467346938775695,0,153,2,,8,,752,752,3,d,1,1,0,2,0,,,,,,,,240,2,0,184,8,11,0,0,0,0
fCA,2.5800907029478655,0,155,2,,8,,712,712,3,d+,1,1,0,2,0,,,,,,,,200,2,0,184,8,11,0,0,0,0
fCA,2.613492063492084,0,157,2,,8,,672,672,3,e,1,1,0,2,0,,,,,,,,160,2,0,184,8,11,0,0,0,0
fCB,2.646916099773264,0,159,2,,8,,848,848,3,c,1,1,0,2,0,,,,,,,,80,3,0,184,8,11,0,0,0,0
fCA,2.680181405895714,0,161,2,,8,,800,800,3,c+,1,1,0,2,0,,,,,,,,32,3,0,184,8,11,0,0,0,0
fCB,2.713605442176894,0,163,2,,8,,752,752,3,d,1,1,0,2,0,,,,,,,,240,2,0,184,8,11,0,0,0,0
fCA,2.7469160997732667,0,165,2,,8,,712,712,3,d+,1,1,0,2,0,,,,,,,,200,2,0,184,8,11,0,0,0,0
fCA,2.7803174603174856,0,167,2,,8,,672,672,3,e,1,1,0,2,0,,,,,,,,160,2,0,184,8,11,0,0,0,0
fCB,2.8136507936508197,0,169,2,,8,,800,800,3,c+,1,1,0,2,0,,,,,,,,32,3,0,184,8,11,0,0,0,0
fCB,2.8467346938775777,0,171,2,,8,,752,752,3,d,1,1,0,2,0,,,,,,,,240,2,0,184,8,11,0,0,0,0
fCA,2.879931972789143,0,173,2,,8,,712,712,3,d+,1,1,0,2,0,,,,,,,,200,2,0,184,8,11,0,0,0,0
fCA,2.913401360544246,0,175,2,,8,,672,672,3,e,1,1,0,2,0,,,,,,,,160,2,0,184,8,11,0,0,0,0
fCA,2.94673469387758,0,177,2,,8,,632,632,3,f,1,1,0,2,0,,,,,,,,120,2,0,184,8,11,0,0,0,0
fCB,2.9802721088435677,0,179,2,,8,,800,800,3,c+,1,1,0,2,0,,,,,,,,32,3,0,184,8,11,0,0,0,0
fCB,3.013560090702979,0,181,2,,8,,752,752,3,d,1,1,0,2,0,,,,,,,,240,2,0,184,8,11,0,0,0,0
fCA,3.046893424036313,0,183,2,,8,,712,712,3,d+,1,1,0,2,0,,,,,,,,200,2,0,184,8,11,0,0,0,0
fCA,3.080204081632686,0,185,2,,8,,672,672,3,e,1,1,0,2,0,,,,,,,,160,2,0,184,8,11,0,0,0,0
fCA,3.113582766439943,0,187,2,,8,,632,632,3,f,1,1,0,2,0,,,,,,,,120,2,0,184,8,11,0,0,0,0
fCA,3.147006802721123,0,189,2,,8,,752,752,3,d,1,1,0,2,0,,,,,,,,240,2,0,184,8,11,0,0,0,0
fCA,3.180317460317496,0,191,2,,8,,712,712,3,d+,1,1,0,2,0,,,,,,,,200,2,0,184,8,11,0,0,0,0
fCA,3.2137188208617147,0,193,2,,8,,672,672,3,e,1,1,0,2,0,,,,,,,,160,2,0,184,8,11,0,0,0,0
fCA,3.2470294784580873,0,195,2,,8,,632,632,3,f,1,1,0,2,0,,,,,,,,120,2,0,184,8,11,0,0,0,0
fCA,3.280408163265345,0,197,2,,8,,592,592,3,f+,1,1,0,2,0,,,,,,,,80,2,0,184,8,11,0,0,0,0
fCA,3.313900226757409,0,199,2,,8,,752,752,3,d,1,1,0,2,0,,,,,,,,240,2,0,184,8,11,0,0,0,0
fCA,3.3471428571428974,0,201,2,,8,,712,712,3,d+,1,1,0,2,0,,,,,,,,200,2,0,184,8,11,0,0,0,0
fCA,3.3805442176871163,0,203,2,,8,,672,672,3,e,1,1,0,2,0,,,,,,,,160,2,0,184,8,11,0,0,0,0
fCA,3.413945578231335,0,205,2,,8,,632,632,3,f,1,1,0,2,0,,,,,,,,120,2,0,184,8,11,0,0,0,0
fCA,3.4473015873016304,0,207,2,,8,,592,592,3,f+,1,1,0,2,0,,,,,,,,80,2,0,184,8,11,0,0,0,0
fCA,3.4814512471655767,0,209,0,,8,,512,512,3,g+,1,1,4,2,0,,,,,,,,0,2,0,184,8,11,0,0,0,0
aVC,3.4815419501134226,0,209,0,,12,,512,512,3,g+,1,1,0,3,0,,,,,,,,0,2,0,184,12,11,0,0,0,0
wNC,3.481859410430883,0,209,0,,12,,512,512,3,g+,1,1,0,3,0,,,,,,,,0,2,31,184,12,11,0,0,0,0
mode,3.4820181405896133,0,209,1,,12,,512,512,3,g+,3,1,0,3,0,,,,,,,,0,2,31,176,12,11,0,0,0,0
fCA,3.497709750566938,0,210,1,,12,,592,592,3,f+,3,3,0,3,0,,,,,,,,80,2,31,176,12,11,0,0,0,0
fCA,3.514285714285759,0,211,1,,12,,672,672,3,e,3,3,0,3,0,,,,,,,,160,2,31,176,12,11,0,0,0,0
fCB,3.5309750566893876,0,212,1,,12,,768,768,3,c+,3,3,0,3,-1,,,,,,,,0,3,31,176,12,11,0,0,0,0
fCB,3.5477324263039005,0,213,1,,12,,1024,1024,2,g+,3,3,0,3,0,,,,,,,,0,4,31,176,12,11,0,0,0,0
fCB,3.564739229024989,0,214,1,,12,,1280,1280,2,f,3,3,0,3,0,,,,,,,,0,5,31,176,12,11,0,0,0,0
fCB,3.5808843537415433,0,215,1,,12,,1536,1536,2,c+,3,3,0,3,-1,,,,,,,,0,6,31,176,12,11,0,0,0,0
fCB,3.597573696145172,0,216,1,,12,,2048,2048,1,g+,3,3,0,3,0,,,,,,,,0,8,31,176,12,11,0,0,0,0
wNC,3.614444444444492,0,217,0,,12,,2048,2048,1,g+,3,3,0,3,0,,,,,,,,0,8,29,176,12,11,0,0,0,0
mode,3.6146031746032223,0,217,1,,12,,2048,2048,1,g+,2,3,0,3,0,,,,,,,,0,8,29,177,12,11,0,0,0,0
wNC,3.63081632653066,0,218,1,,12,,2048,2048,1,g+,2,2,0,3,0,,,,,,,,0,8,26,177,12,11,0,0,0,0
wNC,3.64752834467125,0,219,1,,12,,2048,2048,1,g+,2,2,0,3,0,,,,,,,,0,8,23,177,12,11,0,0,0,0
wNC,3.665147392290298,0,220,1,,12,,2048,2048,1,g+,2,2,0,3,0,,,,,,,,0,8,19,177,12,11,0,0,0,0
wNC,3.6808616780045846,0,221,1,,12,,2048,2048,1,g+,2,2,0,3,0,,,,,,,,0,8,16,177,12,11,0,0,0,0
wNC,3.6974829931973288,0,222,1,,12,,2048,2048,1,g+,2,2,0,3,0,,,,,,,,0,8,12,177,12,11,0,0,0,0
wNC,3.714013605442227,0,223,1,,12,,2048,2048,1,g+,2,2,0,3,0,,,,,,,,0,8,9,177,12,11,0,0,0,0
wNC,3.7310657596372385,0,224,1,,12,,2048,2048,1,g+,2,2,0,3,0,,,,,,,,0,8,6,177,12,11,0,0,0,0
wNC,3.747369614512522,0,225,1,,12,,2048,2048,1,g+,2,2,0,3,0,,,,,,,,0,8,3,177,12,11,0,0,0,0
wNC,3.764625850340187,0,226,1,,12,,2048,2048,1,g+,2,2,-1,3,0,,,,,,,,0,8,1,177,12,11,0,0,0,0
aVC,3.7805668934240875,0,227,0,,11,,2048,2048,1,g+,2,2,0,4,0,,,,,,,,0,8,1,177,11,11,0,0,0,0
wNC,3.780884353741548,0,227,7,,11,,2048,2048,1,g+,2,2,-1,4,0,,,,,,,,0,8,4,177,11,11,0,0,0,0
aVC,3.896870748299373,0,234,0,,10,,2048,2048,1,g+,2,2,0,5,0,,,,,,,,0,8,4,177,10,11,0,0,0,0
wNC,3.8971882086168335,0,234,7,,10,,2048,2048,1,g+,2,2,-2,5,0,,,,,,,,0,8,7,177,10,11,0,0,0,0
aVC,4.01351473922908,0,241,0,,8,,2048,2048,1,g+,2,2,0,6,0,,,,,,,,0,8,7,177,8,11,0,0,0,0
wNC,4.01383219954654,0,241,7,,8,,2048,2048,1,g+,2,2,-2,6,0,,,,,,,,0,8,11,177,8,11,0,0,0,0
aVC,4.130022675737011,0,248,0,,6,,2048,2048,1,g+,2,2,0,7,0,,,,,,,,0,8,11,177,6,11,0,0,0,0
wNC,4.13034013605447,0,248,7,,6,,2048,2048,1,g+,2,2,-2,7,0,,,,,,,,0,8,14,177,6,11,0,0,0,0
aVC,4.246326530612286,0,255,0,,4,,2048,2048,1,g+,2,2,0,8,0,,,,,,,,0,8,14,177,4,11,0,0,0,0
wNC,4.246666666666708,0,255,7,,4,,2048,2048,1,g+,2,2,-1,8,0,,,,,,,,0,8,16,177,4,11,0,0,0,0
aVC,4.36297052154199,0,262,7,,3,,2048,2048,1,g+,2,2,0,9,0,,,,,,,,0,8,16,179,3,11,0,0,0,0
fCB,4.478798185941082,0,269,0,,3,,0,0,1,r,2,2,-3,9,0,,,,,,,,0,0,16,179,3,11,0,0,0,0
aVC,4.478843537415005,0,269,0,,0,,0,0,1,r,2,2,0,10,0,,,,,,,,0,0,16,179,0,11,0,0,0,0
mode,4.478843537415005,0,269,0,,0,,0,0,1,r,0,2,0,10,0,,,,,,,,0,0,16,187,0,11,0,0,0,0
fCA,9.070294784580498e-05,1,0,0,,0,,0,0,1,r,0,0,0,0,0,,,,,,,,0,0,0,187,0,11,0,0,0,0
fCB,0.00013605442176870748,1,0,0,,0,,0,0,1,r,0,0,0,0,0,,,,,,,,0,0,0,187,0,11,0,0,0,0
aVC,0.00018140589569160998,1,0,108,,0,,0,0,1,r,0,0,0,1,1,,,,,,,,0,0,0,187,0,11,0,0,0,0
fCB,1.7977097505668975,1,108,0,,0,,944,944,1,r,0,0,8,1,1,,,,,,,,176,3,0,187,0,11,0,0,0,0
aVC,1.7977551020408205,1,108,0,,8,,944,944,1,r,0,0,0,2,1,,,,,,,,176,3,0,187,8,11,0,0,0,0
mode,1.7978911564625892,1,108,2,,8,,944,944,2,a+,1,0,0,2,0,,,,,,,,176,3,0,185,8,11,0,0,0,0
fCA,1.8300453514739274,1,110,2,,8,,896,896,2,b,1,1,0,2,1,,,,,,,,128,3,0,184,8,11,0,0,0,0
fCA,1.8644897959183717,1,112,2,,8,,848,848,3,c,1,1,0,2,0,,,,,,,,80,3,0,184,8,11,0,0,0,0
fCA,1.8967346938775556,1,114,2,,8,,800,800,3,c+,1,1,0,2,0,,,,,,,,32,3,0,184,8,11,0,0,0,0
fCB,1.9301133786848117,1,116,2,,8,,752,752,3,d,1,1,0,2,-1,,,,,,,,240,2,0,184,8,11,0,0,0,0
fCB,1.9640362811791428,1,118,2,,8,,944,944,2,a+,1,1,0,2,0,,,,,,,,176,3,0,184,8,11,0,0,0,0
fCA,1.9966893424036325,1,120,2,,8,,896,896,2,b,1,1,0,2,1,,,,,,,,128,3,0,184,8,11,0,0,0,0
fCA,2.0300453514739276,1,122,2,,8,,848,848,3,c,1,1,0,2,0,,,,,,,,80,3,0,184,8,11,0,0,0,0
fCA,2.064149659863951,1,124,2,,8,,800,800,3,c+,1,1,0,2,0,,,,,,,,32,3,0,184,8,11,0,0,0,0
fCB,2.0968253968254036,1,126,2,,8,,752,752,3,d,1,1,0,2,-1,,,,,,,,240,2,0,184,8,11,0,0,0,0
fCB,2.1302947845805065,1,128,2,,8,,896,896,2,b,1,1,0,2,1,,,,,,,,128,3,0,184,8,11,0,0,0,0
fCA,2.163922902494339,1,130,2,,8,,848,848,3,c,1,1,0,2,0,,,,,,,,80,3,0,184,8,11,0,0,0,0
fCA,2.1967346938775605,1,132,2,,8,,800,800,3,c+,1,1,0,2,0,,,,,,,,32,3,0,184,8,11,0,0,0,0
fCB,2.230136054421779,1,134,2,,8,,752,752,3,d,1,1,0,2,0,,,,,,,,240,2,0,184,8,11,0,0,0,0
fCA,2.265079365079376,1,136,2,,8,,712,712,3,d+,1,1,0,2,-1,,,,,,,,200,2,0,184,8,11,0,0,0,0
fCB,2.2970748299319848,1,138,2,,8,,896,896,2,b,1,1,0,2,1,,,,,,,,128,3,0,184,8,11,0,0,0,0
fCA,2.3301587301587428,1,140,2,,8,,848,848,3,c,1,1,0,2,0,,,,,,,,80,3,0,184,8,11,0,0,0,0
fCA,2.3640816326530745,1,142,2,,8,,800,800,3,c+,1,1,0,2,0,,,,,,,,32,3,0,184,8,11,0,0,0,0
fCB,2.3969387755102187,1,144,2,,8,,752,752,3,d,1,1,0,2,0,,,,,,,,240,2,0,184,8,11,0,0,0,0
fCA,2.430090702947861,1,146,2,,8,,712,712,3,d+,1,1,0,2,0,,,,,,,,200,2,0,184,8,11,0,0,0,0
fCB,2.464512471655345,1,148,2,,8,,848,848,3,c,1,1,0,2,0,,,,,,,,80,3,0,184,8,11,0,0,0,0
fCA,2.4967800453514912,1,150,2,,8,,800,800,3,c+,1,1,0,2,0,,,,,,,,32,3,0,184,8,11,0,0,0,0
fCB,2.5301814058957097,1,152,2,,8,,752,752,3,d,1,1,0,2,0,,,,,,,,240,2,0,184,8,11,0,0,0,0
fCA,2.56408163265308,1,154,2,,8,,712,712,3,d+,1,1,0,2,0,,,,,,,,200,2,0,184,8,11,0,0,0,0
fCA,2.5969160997732628,1,156,2,,8,,672,672,3,e,1,1,0,2,0,,,,,,,,160,2,0,184,8,11,0,0,0,0
fCB,2.630362811791404,1,158,2,,8,,848,848,3,c,1,1,0,2,0,,,,,,,,80,3,0,184,8,11,0,0,0,0
fCA,2.6643764172335818,1,160,2,,8,,800,800,3,c+,1,1,0,2,0,,,,,,,,32,3,0,184,8,11,0,0,0,0
fCB,2.6970521541950343,1,162,2,,8,,752,752,3,d,1,1,0,2,0,,,,,,,,240,2,0,184,8,11,0,0,0,0
fCA,2.730362811791407,1,164,2,,8,,712,712,3,d+,1,1,0,2,0,,,,,,,,200,2,0,184,8,11,0,0,0,0
fCA,2.7642857142857387,1,166,2,,8,,672,672,3,e,1,1,0,2,0,,,,,,,,160,2,0,184,8,11,0,0,0,0
fCB,2.7972562358276902,1,168,2,,8,,800,800,3,c+,1,1,0,2,0,,,,,,,,32,3,0,184,8,11,0,0,0,0
fCB,2.8303628117914097,1,170,2,,8,,752,752,3,d,1,1,0,2,0,,,,,,,,240,2,0,184,8,11,0,0,0,0
fCA,2.865124716553315,1,172,2,,8,,712,712,3,d+,1,1,0,2,0,,,,,,,,200,2,0,184,8,11,0,0,0,0
fCA,2.8967573696145403,1,174,2,,8,,672,672,3,e,1,1,0,2,0,,,,,,,,160,2,0,184,8,11,0,0,0,0
fCA,2.930158730158759,1,176,2,,8,,632,632,3,f,1,1,0,2,0,,,,,,,,120,2,0,184,8,11,0,0,0,0
fCB,2.964240362811821,1,178,2,,8,,800,800,3,c+,1,1,0,2,0,,,,,,,,32,3,0,184,8,11,0,0,0,0
fCB,2.997006802721119,1,180,2,,8,,752,752,3,d,1,1,0,2,0,,,,,,,,240,2,0,184,8,11,0,0,0,0
fCA,3.030317460317492,1,182,2,,8,,712,712,3,d+,1,1,0,2,0,,,,,,,,200,2,0,184,8,11,0,0,0,0
fCA,3.0646258503401684,1,184,2,,8,,672,672,3,e,1,1,0,2,0,,,,,,,,160,2,0,184,8,11,0,0,0,0
fCA,3.097006802721122,1,186,2,,8,,632,632,3,f,1,1,0,2,0,,,,,,,,120,2,0,184,8,11,0,0,0,0
fCA,3.1304535147392634,1,188,2,,8,,752,752,3,d,1,1,0,2,0,,,,,,,,240,2,0,184,8,11,0,0,0,0
fCA,3.1643083900227107,1,190,2,,8,,712,712,3,d+,1,1,0,2,0,,,,,,,,200,2,0,184,8,11,0,0,0,0
fCA,3.1971428571428935,1,192,2,,8,,672,672,3,e,1,1,0,2,0,,,,,,,,160,2,0,184,8,11,0,0,0,0
fCA,3.230453514739266,1,194,2,,8,,632,632,3,f,1,1,0,2,0,,,,,,,,120,2,0,184,8,11,0,0,0,0
fCA,3.2646031746032125,1,196,2,,8,,592,592,3,f+,1,1,0,2,0,,,,,,,,80,2,0,184,8,11,0,0,0,0
fCA,3.297324263038588,1,198,2,,8,,752,752,3,d,1,1,0,2,0,,,,,,,,240,2,0,184,8,11,0,0,0,0
fCA,3.3305895691610377,1,200,2,,8,,712,712,3,d+,1,1,0,2,0,,,,,,,,200,2,0,184,8,11,0,0,0,0
fCA,3.364535147392331,1,202,2,,8,,672,672,3,e,1,1,0,2,0,,,,,,,,160,2,0,184,8,11,0,0,0,0
fCA,3.3973696145125136,1,204,2,,8,,632,632,3,f,1,1,0,2,0,,,,,,,,120,2,0,184,8,11,0,0,0,0
fCA,3.430725623582809,1,206,2,,8,,592,592,3,f+,1,1,0,2,0,,,,,,,,80,2,0,184,8,11,0,0,0,0
fCB,3.4661904761905196,1,208,0,,8,,768,768,3,c+,1,1,6,2,0,,,,,,,,0,3,0,184,8,11,0,0,0,0
aVC,3.4662358276644425,1,208,1,,14,,768,768,3,c+,1,1,0,3,0,,,,,,,,0,3,0,184,14,11,0,0,0,0
fCA,3.4815873015873455,1,209,0,,14,,848,848,3,c,1,1,0,3,0,,,,,,,,80,3,0,184,14,11,0,0,0,0
wNC,3.481859410430883,1,209,1,,14,,848,848,3,c,1,1,0,3,-1,,,,,,,,80,3,31,184,14,11,0,0,0,0
fCB,3.497868480725668,1,210,1,,14,,1024,1024,2,g+,1,1,0,3,0,,,,,,,,0,4,31,176,14,11,0,0,0,0
fCA,3.514421768707528,1,211,1,,14,,1152,1152,2,f+,1,1,0,3,0,,,,,,,,128,4,31,176,14,11,0,0,0,0
fCB,3.5311111111111564,1,212,1,,14,,1280,1280,2,f,1,1,0,3,0,,,,,,,,0,5,31,176,14,11,0,0,0,0
fCB,3.547845804988708,1,213,1,,14,,1536,1536,2,c+,1,1,0,3,-1,,,,,,,,0,6,31,176,14,11,0,0,0,0
fCB,3.5648526077097964,1,214,1,,14,,2048,2048,1,g+,1,1,0,3,0,,,,,,,,0,8,31,176,14,11,0,0,0,0
fCB,3.5809977324263507,1,215,1,,14,,2304,2304,1,f+,1,1,0,3,2,,,,,,,,0,9,31,176,14,11,0,0,0,0
fCB,3.597687074829979,1,216,1,,14,,768,768,3,c+,1,1,0,3,0,,,,,,,,0,3,31,176,14,11,0,0,0,0
fCA,3.6141723356009545,1,217,0,,14,,848,848,3,c,1,1,0,3,0,,,,,,,,80,3,31,176,14,11,0,0,0,0
wNC,3.614444444444492,1,217,1,,14,,848,848,3,c,1,1,0,3,-1,,,,,,,,80,3,29,176,14,11,0,0,0,0
fCB,3.6307482993197757,1,218,0,,14,,1024,1024,2,g+,1,1,0,3,0,,,,,,,,0,4,29,177,14,11,0,0,0,0
wNC,3.63081632653066,1,218,1,,14,,1024,1024,2,g+,1,1,0,3,0,,,,,,,,0,4,26,177,14,11,0,0,0,0
fCA,3.647233560090751,1,219,0,,14,,1152,1152,2,f+,1,1,0,3,0,,,,,,,,128,4,26,177,14,11,0,0,0,0
wNC,3.64752834467125,1,219,1,,14,,1152,1152,2,f+,1,1,0,3,0,,,,,,,,128,4,23,177,14,11,0,0,0,0
fCB,3.6649206349206835,1,220,0,,14,,1280,1280,2,f,1,1,0,3,0,,,,,,,,0,5,23,177,14,11,0,0,0,0
wNC,3.665147392290298,1,220,1,,14,,1280,1280,2,f,1,1,0,3,0,,,,,,,,0,5,19,177,14,11,0,0,0,0
fCB,3.68063492063497,1,221,0,,14,,1536,1536,2,c+,1,1,0,3,0,,,,,,,,0,6,19,177,14,11,0,0,0,0
wNC,3.6808616780045846,1,221,1,,14,,1536,1536,2,c+,1,1,0,3,-1,,,,,,,,0,6,16,177,14,11,0,0,0,0
fCB,3.697256235827714,1,222,0,,14,,2048,2048,1,g+,1,1,0,3,0,,,,,,,,0,8,16,177,14,11,0,0,0,0
wNC,3.6974829931973288,1,222,1,,14,,2048,2048,1,g+,1,1,0,3,0,,,,,,,,0,8,12,177,14,11,0,0,0,0
fCB,3.7139455782313426,1,223,0,,14,,2304,2304,1,f+,1,1,0,3,0,,,,,,,,0,9,12,177,14,11,0,0,0,0
wNC,3.714013605442227,1,223,1,,14,,2304,2304,1,f+,1,1,0,3,2,,,,,,,,0,9,9,177,14,11,0,0,0,0
fCB,3.7308163265306624,1,224,0,,14,,768,768,3,c+,1,1,-2,3,0,,,,,,,,0,3,9,177,14,11,0,0,0,0
aVC,3.7308616780045853,1,224,0,,12,,768,768,3,c+,1,1,0,4,0,,,,,,,,0,3,9,177,12,11,0,0,0,0
wNC,3.7310657596372385,1,224,1,,12,,768,768,3,c+,1,1,0,4,0,,,,,,,,0,3,6,177,12,11,0,0,0,0
fCA,3.7470975056689846,1,225,0,,12,,848,848,3,c,1,1,0,4,0,,,,,,,,80,3,6,177,12,11,0,0,0,0
wNC,3.747369614512522,1,225,1,,12,,848,848,3,c,1,1,0,4,-1,,,,,,,,80,3,3,177,12,11,0,0,0,0
fCB,3.7643764172336107,1,226,0,,12,,1024,1024,2,g+,1,1,0,4,0,,,,,,,,0,4,3,177,12,11,0,0,0,0
wNC,3.764625850340187,1,226,1,,12,,1024,1024,2,g+,1,1,0,4,0,,,,,,,,0,4,1,177,12,11,0,0,0,0
fCA,3.7806122448980104,1,227,0,,12,,1152,1152,2,f+,1,1,0,4,0,,,,,,,,128,4,1,177,12,11,0,0,0,0
wNC,3.780884353741548,1,227,1,,12,,1152,1152,2,f+,1,1,0,4,0,,,,,,,,128,4,4,177,12,11,0,0,0,0
fCB,3.796870748299371,1,228,1,,12,,1280,1280,2,f,1,1,0,4,0,,,,,,,,0,5,4,177,12,11,0,0,0,0
fCB,3.813628117913884,1,229,1,,12,,1536,1536,2,c+,1,1,0,4,-1,,,,,,,,0,6,4,177,12,11,0,0,0,0
fCB,3.8301587301587823,1,230,1,,12,,2048,2048,1,g+,1,1,0,4,0,,,,,,,,0,8,4,177,12,11,0,0,0,0
fCB,3.846666666666719,1,231,1,,12,,2304,2304,1,f+,1,1,0,4,2,,,,,,,,0,9,4,177,12,11,0,0,0,0
fCB,3.8641269841270365,1,232,1,,12,,768,768,3,c+,1,1,0,4,0,,,,,,,,0,3,4,177,12,11,0,0,0,0
fCA,3.8798639455782844,1,233,1,,12,,848,848,3,c,1,1,0,4,-1,,,,,,,,80,3,4,177,12,11,0,0,0,0
fCB,3.896961451247219,1,234,0,,12,,1024,1024,2,g+,1,1,0,4,0,,,,,,,,0,4,4,177,12,11,0,0,0,0
wNC,3.8971882086168335,1,234,1,,12,,1024,1024,2,g+,1,1,0,4,0,,,,,,,,0,4,7,177,12,11,0,0,0,0
fCA,3.913242630385541,1,235,1,,12,,1152,1152,2,f+,1,1,0,4,0,,,,,,,,128,4,7,177,12,11,0,0,0,0
fCB,3.9299319727891695,1,236,1,,12,,1280,1280,2,f,1,1,0,4,0,,,,,,,,0,5,7,177,12,11,0,0,0,0
fCB,3.9465079365079907,1,237,1,,12,,1536,1536,2,c+,1,1,0,4,-1,,,,,,,,0,6,7,177,12,11,0,0,0,0
fCB,3.963696145124771,1,238,1,,12,,2048,2048,1,g+,1,1,0,4,0,,,,,,,,0,8,7,177,12,11,0,0,0,0
fCB,3.979841269841325,1,239,1,,12,,2304,2304,1,f+,1,1,0,4,2,,,,,,,,0,9,7,177,12,11,0,0,0,0
fCB,3.9969160997732978,1,240,0,,12,,768,768,3,c+,1,1,-2,4,0,,,,,,,,0,3,7,177,12,11,0,0,0,0
aVC,3.9969614512472207,1,240,1,,10,,768,768,3,c+,1,1,0,5,0,,,,,,,,0,3,7,177,10,11,0,0,0,0
fCA,4.013560090703003,1,241,0,,10,,848,848,3,c,1,1,0,5,0,,,,,,,,80,3,7,177,10,11,0,0,0,0
wNC,4.01383219954654,1,241,1,,10,,848,848,3,c,1,1,0,5,-1,,,,,,,,80,3,11,177,10,11,0,0,0,0
fCB,4.029909297052209,1,242,1,,10,,1024,1024,2,g+,1,1,0,5,0,,,,,,,,0,4,11,177,10,11,0,0,0,0
fCA,4.046553287981913,1,243,1,,10,,1152,1152,2,f+,1,1,0,5,0,,,,,,,,128,4,11,177,10,11,0,0,0,0
fCB,4.064965986394611,1,244,1,,10,,1280,1280,2,f,1,1,0,5,0,,,,,,,,0,5,11,177,10,11,0,0,0,0
fCB,4.080068027210936,1,245,1,,10,,1536,1536,2,c+,1,1,0,5,-1,,,,,,,,0,6,11,177,10,11,0,0,0,0
fCB,4.0965079365079875,1,246,1,,10,,2048,2048,1,g+,1,1,0,5,0,,,,,,,,0,8,11,177,10,11,0,0,0,0
fCB,4.113083900226807,1,247,1,,10,,2304,2304,1,f+,1,1,0,5,2,,,,,,,,0,9,11,177,10,11,0,0,0,0
fCB,4.1301133786848565,1,248,0,,10,,768,768,3,c+,1,1,0,5,0,,,,,,,,0,3,11,177,10,11,0,0,0,0
wNC,4.13034013605447,1,248,1,,10,,768,768,3,c+,1,1,0,5,0,,,,,,,,0,3,14,177,10,11,0,0,0,0
fCA,4.146235827664447,1,249,1,,10,,848,848,3,c,1,1,0,5,-1,,,,,,,,80,3,14,177,10,11,0,0,0,0
fCB,4.163514739229071,1,250,1,,10,,1024,1024,2,g+,1,1,0,5,0,,,,,,,,0,4,14,177,10,11,0,0,0,0
fCA,4.1796371882086625,1,251,1,,10,,1152,1152,2,f+,1,1,0,5,0,,,,,,,,128,4,14,177,10,11,0,0,0,0
fCB,4.196371882086212,1,252,1,,10,,1280,1280,2,f,1,1,0,5,0,,,,,,,,0,5,14,177,10,11,0,0,0,0
fCB,4.213106575963763,1,253,1,,10,,1536,1536,2,c+,1,1,0,5,-1,,,,,,,,0,6,14,177,10,11,0,0,0,0
fCB,4.229523809523853,1,254,1,,10,,2048,2048,1,g+,1,1,0,5,0,,,,,,,,0,8,14,177,10,11,0,0,0,0
fCB,4.246417233560132,1,255,0,,10,,2304,2304,1,f+,1,1,0,5,0,,,,,,,,0,9,14,177,10,11,0,0,0,0
wNC,4.246666666666708,1,255,1,,10,,2304,2304,1,f+,1,1,0,5,0,,,,,,,,0,9,16,177,10,11,0,0,0,0
fCB,4.263628117913873,1,256,0,,10,,0,0,1,r,1,1,-10,5,0,,,,,,,,0,0,16,177,10,11,0,0,0,0
aVC,4.263673469387796,1,256,0,,0,,0,0,1,r,1,1,0,6,0,,,,,,,,0,0,16,177,0,11,0,0,0,0
mode,4.263809523809565,1,256,0,,0,,0,0,1,r,0,1,0,6,0,,,,,,,,0,0,16,179,0,11,0,0,0,0
fCA,0.00022675736961451246,2,0,0,,0,,80,80,1,r,1,0,0,0,3,,,,,,,,80,0,0,187,0,11,0,0,0,0
fCB,0.0002494331065759637,2,0,0,,0,,336,336,1,r,1,0,10,0,3,,,,,,,,80,1,0,187,0,11,0,0,0,0
aVC,0.0002947845804988662,2,0,4,,10,,336,336,4,e,1,0,0,1,-1,,,,,,,,80,1,0,187,10,11,0,0,0,0
fCA,0.06337868480725624,2,4,4,,10,,448,448,3,b,1,0,0,1,1,,,,,,,,192,1,0,187,10,11,0,0,0,0
fCA,0.12993197278911564,2,8,4,,10,,336,336,4,e,1,0,0,1,0,,,,,,,,80,1,0,187,10,11,0,0,0,0
fCA,0.1965532879818594,2,12,4,,10,,296,296,4,f+,1,0,0,1,-1,,,,,,,,40,1,0,187,10,11,0,0,0,0
fCA,0.263469387755102,2,16,4,,10,,448,448,3,b,1,0,0,1,1,,,,,,,,192,1,0,187,10,11,0,0,0,0
fCA,0.33024943310657584,2,20,4,,10,,296,296,4,f+,1,0,0,1,1,,,,,,,,40,1,0,187,10,11,0,0,0,0
fCB,0.3969614512471654,2,24,4,,10,,168,168,5,e,1,0,0,1,-1,,,,,,,,168,0,0,187,10,11,0,0,0,0
fCA,0.4635374149659862,2,28,4,,10,,224,224,4,b,1,0,0,1,1,,,,,,,,224,0,0,187,10,11,0,0,0,0
fCA,0.5300680272108842,2,32,4,,10,,168,168,5,e,1,0,0,1,0,,,,,,,,168,0,0,187,10,11,0,0,0,0
fCA,0.596689342403628,2,36,4,,10,,148,148,5,f+,1,0,0,1,-1,,,,,,,,148,0,0,187,10,11,0,0,0,0
fCA,0.6639455782312925,2,40,4,,10,,224,224,4,b,1,0,0,1,1,,,,,,,,224,0,0,187,10,11,0,0,0,0
fCA,0.7303401360544218,2,44,4,,10,,148,148,5,f+,1,0,0,1,-1,,,,,,,,148,0,0,187,10,11,0,0,0,0
fCA,0.7971882086167801,2,48,4,,10,,224,224,4,b,1,0,0,1,1,,,,,,,,224,0,0,187,10,11,0,0,0,0
fCA,0.8631972789115647,2,52,4,,10,,168,168,5,e,1,0,0,1,0,,,,,,,,168,0,0,187,10,11,0,0,0,0
fCA,0.9298185941043086,2,56,4,,10,,148,148,5,f+,1,0,0,1,0,,,,,,,,148,0,0,187,10,11,0,0,0,0
fCA,0.9969841269841272,2,60,4,,10,,112,112,5,b,1,0,0,1,-1,,,,,,,,112,0,0,187,10,11,0,0,0,0
fCA,1.064716553287982,2,64,0,,10,,224,224,4,b,1,0,-3,1,0,,,,,,,,224,0,0,187,10,11,0,0,0,0
aVC,1.064807256235828,2,64,4,,7,,224,224,4,b,1,0,0,2,1,,,,,,,,224,0,0,187,7,11,0,0,0,0
fCA,1.130022675736962,2,68,4,,7,,168,168,5,e,1,0,0,2,0,,,,,,,,168,0,0,187,7,11,0,0,0,0
fCA,1.196643990929706,2,72,4,,7,,148,148,5,f+,1,0,0,2,0,,,,,,,,148,0,0,187,7,11,0,0,0,0
fCA,1.2634013605442185,2,76,4,,7,,112,112,5,b,1,0,0,2,-1,,,,,,,,112,0,0,187,7,11,0,0,0,0
fCA,1.3317233560090713,2,80,0,,7,,224,224,4,b,1,0,-2,2,0,,,,,,,,224,0,0,187,7,11,0,0,0,0
aVC,1.3318140589569172,2,80,4,,5,,224,224,4,b,1,0,0,3,1,,,,,,,,224,0,0,187,5,11,0,0,0,0
fCA,1.3970294784580513,2,84,4,,5,,168,168,5,e,1,0,0,3,0,,,,,,,,168,0,0,187,5,11,0,0,0,0
fCA,1.4636507936507952,2,88,4,,5,,148,148,5,f+,1,0,0,3,0,,,,,,,,148,0,0,187,5,11,0,0,0,0
fCA,1.5312244897959202,2,92,9,,5,,112,112,5,b,1,0,0,3,-4,,,,,,,,112,0,0,187,5,11,0,0,0,0
fCB,1.6683673469387776,2,101,0,,5,,3392,3392,1,c,1,0,6,3,0,,,,,,,,64,13,0,187,5,11,0,0,0,0
aVC,1.6684126984127006,2,101,0,,11,,3392,3392,1,c,1,0,-1,4,0,,,,,,,,64,13,0,187,11,11,0,0,0,0
aVC,1.680317460317464,2,101,1,,10,,3392,3392,1,c,1,0,-1,5,0,,,,,,,,64,13,0,187,10,11,0,0,0,0
aVC,1.6970068027210923,2,102,1,,9,,3392,3392,1,c,1,0,-1,6,0,,,,,,,,64,13,0,187,9,11,0,0,0,0
aVC,1.7137641723356047,2,103,1,,8,,3392,3392,1,c,1,0,-1,7,0,,,,,,,,64,13,0,187,8,11,0,0,0,0
aVC,1.7304308390022716,2,104,1,,7,,3392,3392,1,c,1,0,-1,8,0,,,,,,,,64,13,0,187,7,11,0,0,0,0
aVC,1.7471201814058996,2,105,1,,6,,3392,3392,1,c,1,0,0,9,1,,,,,,,,64,13,0,187,6,11,0,0,0,0
fCB,1.7643310657596412,2,106,0,,6,,1696,1696,2,c,1,0,5,9,0,,,,,,,,160,6,0,187,6,11,0,0,0,0
aVC,1.764376417233564,2,106,1,,11,,1696,1696,2,c,1,0,-1,10,0,,,,,,,,160,6,0,187,11,11,0,0,0,0
aVC,1.7805215419501175,2,107,1,,10,,1696,1696,2,c,1,0,-1,11,0,,,,,,,,160,6,0,187,10,11,0,0,0,0
aVC,1.7978911564625892,2,108,1,,9,,1696,1696,2,c,1,0,-1,12,0,,,,,,,,160,6,0,187,9,11,0,0,0,0
aVC,1.8141723356009114,2,109,1,,8,,1696,1696,2,c,1,0,-1,13,0,,,,,,,,160,6,0,185,8,11,0,0,0,0
aVC,1.8302494331065804,2,110,1,,7,,1696,1696,2,c,1,0,-1,14,0,,,,,,,,160,6,0,184,7,11,0,0,0,0
aVC,1.84696145124717,2,111,1,,6,,1696,1696,2,c,1,0,0,15,-1,,,,,,,,160,6,0,184,6,11,0,0,0,0
fCB,1.864648526077102,2,112,0,,6,,3392,3392,1,c,1,0,5,15,0,,,,,,,,64,13,0,184,6,11,0,0,0,0
aVC,1.864693877551025,2,112,1,,11,,3392,3392,1,c,1,0,-1,16,0,,,,,,,,64,13,0,184,11,11,0,0,0,0
aVC,1.8802947845805034,2,113,1,,10,,3392,3392,1,c,1,0,-1,17,0,,,,,,,,64,13,0,184,10,11,0,0,0,0
aVC,1.8969387755102085,2,114,1,,9,,3392,3392,1,c,1,0,-1,18,0,,,,,,,,64,13,0,184,9,11,0,0,0,0
aVC,1.913650793650798,2,115,1,,8,,3392,3392,1,c,1,0,-1,19,0,,,,,,,,64,13,0,184,8,11,0,0,0,0
aVC,1.9301133786848117,2,116,1,,7,,3392,3392,1,c,1,0,-1,20,0,,,,,,,,64,13,0,184,7,11,0,0,0,0
aVC,1.9468027210884398,2,117,1,,6,,3392,3392,1,c,1,0,0,21,1,,,,,,,,64,13,0,184,6,11,0,0,0,0
fCB,1.96414965986395,2,118,0,,6,,1696,1696,2,c,1,0,5,21,0,,,,,,,,160,6,0,184,6,11,0,0,0,0
aVC,1.964195011337873,2,118,1,,11,,1696,1696,2,c,1,0,-1,22,0,,,,,,,,160,6,0,184,11,11,0,0,0,0
aVC,1.9803401360544262,2,119,1,,10,,1696,1696,2,c,1,0,-1,23,0,,,,,,,,160,6,0,184,10,11,0,0,0,0
aVC,1.9968934240362854,2,120,1,,9,,1696,1696,2,c,1,0,-1,24,0,,,,,,,,160,6,0,184,9,11,0,0,0,0
aVC,2.013605442176875,2,121,1,,8,,1696,1696,2,c,1,0,-1,25,0,,,,,,,,160,6,0,184,8,11,0,0,0,0
aVC,2.030249433106581,2,122,1,,7,,1696,1696,2,c,1,0,-1,26,0,,,,,,,,160,6,0,184,7,11,0,0,0,0
aVC,2.0469387755102093,2,123,1,,6,,1696,1696,2,c,1,0,0,27,-1,,,,,,,,160,6,0,184,6,11,0,0,0,0
fCB,2.0643083900226813,2,124,0,,6,,3392,3392,1,c,1,0,5,27,0,,,,,,,,64,13,0,184,6,11,0,0,0,0
aVC,2.0643537414966042,2,124,1,,11,,3392,3392,1,c,1,0,-1,28,0,,,,,,,,64,13,0,184,11,11,0,0,0,0
aVC,2.0802947845805053,2,125,1,,10,,3392,3392,1,c,1,0,-1,29,0,,,,,,,,64,13,0,184,10,11,0,0,0,0
aVC,2.096984126984134,2,126,1,,9,,3392,3392,1,c,1,0,-1,30,0,,,,,,,,64,13,0,184,9,11,0,0,0,0
aVC,2.1136734693877623,2,127,1,,8,,3392,3392,1,c,1,0,-1,31,0,,,,,,,,64,13,0,184,8,11,0,0,0,0
aVC,2.1302947845805065,2,128,1,,7,,3392,3392,1,c,1,0,-1,32,0,,,,,,,,64,13,0,184,7,11,0,0,0,0
aVC,2.146984126984135,2,129,1,,6,,3392,3392,1,c,1,0,0,33,1,,,,,,,,64,13,0,184,6,11,0,0,0,0
fCB,2.1640816326530694,2,130,0,,6,,1696,1696,2,c,1,0,5,33,0,,,,,,,,160,6,0,184,6,11,0,0,0,0
aVC,2.1641269841269923,2,130,1,,11,,1696,1696,2,c,1,0,-1,34,0,,,,,,,,160,6,0,184,11,11,0,0,0,0
aVC,2.180294784580508,2,131,1,,10,,1696,1696,2,c,1,0,-1,35,0,,,,,,,,160,6,0,184,10,11,0,0,0,0
aVC,2.1969387755102137,2,132,1,,9,,1696,1696,2,c,1,0,-1,36,0,,,,,,,,160,6,0,184,9,11,0,0,0,0
aVC,2.213628117913842,2,133,1,,8,,1696,1696,2,c,1,0,-1,37,0,,,,,,,,160,6,0,184,8,11,0,0,0,0
aVC,2.2302947845805092,2,134,1,,7,,1696,1696,2,c,1,0,-1,38,0,,,,,,,,160,6,0,184,7,11,0,0,0,0
aVC,2.2469841269841377,2,135,1,,6,,1696,1696,2,c,1,0,0,39,-1,,,,,,,,160,6,0,184,6,11,0,0,0,0
fCB,2.2652380952381064,2,136,0,,6,,3392,3392,1,c,1,0,5,39,0,,,,,,,,64,13,0,184,6,11,0,0,0,0
aVC,2.2652834467120293,2,136,1,,11,,3392,3392,1,c,1,0,-1,40,0,,,,,,,,64,13,0,184,11,11,0,0,0,0
aVC,2.2804081632653177,2,137,1,,10,,3392,3392,1,c,1,0,-1,41,0,,,,,,,,64,13,0,184,10,11,0,0,0,0
aVC,2.2970748299319848,2,138,1,,9,,3392,3392,1,c,1,0,-1,42,0,,,,,,,,64,13,0,184,9,11,0,0,0,0
aVC,2.3138321995464977,2,139,1,,8,,3392,3392,1,c,1,0,-1,43,0,,,,,,,,64,13,0,184,8,11,0,0,0,0
aVC,2.3303854875283574,2,140,1,,7,,3392,3392,1,c,1,0,-1,44,0,,,,,,,,64,13,0,184,7,11,0,0,0,0
aVC,2.347074829931986,2,141,1,,6,,3392,3392,1,c,1,0,0,45,1,,,,,,,,64,13,0,184,6,11,0,0,0,0
fCB,2.3642403628118047,2,142,0,,6,,1696,1696,2,c,1,0,5,45,0,,,,,,,,160,6,0,184,6,11,0,0,0,0
aVC,2.3642857142857276,2,142,1,,11,,1696,1696,2,c,1,0,-1,46,0,,,,,,,,160,6,0,184,11,11,0,0,0,0
aVC,2.380430839002282,2,143,1,,10,,1696,1696,2,c,1,0,-1,47,0,,,,,,,,160,6,0,184,10,11,0,0,0,0
aVC,2.3969387755102187,2,144,1,,9,,1696,1696,2,c,1,0,-1,48,0,,,,,,,,160,6,0,184,9,11,0,0,0,0
aVC,2.4136281179138472,2,145,1,,8,,1696,1696,2,c,1,0,-1,49,0,,,,,,,,160,6,0,184,8,11,0,0,0,0
aVC,2.4302947845805143,2,146,1,,7,,1696,1696,2,c,1,0,-1,50,0,,,,,,,,160,6,0,184,7,11,0,0,0,0
aVC,2.4470068027211043,2,147,1,,6,,1696,1696,2,c,1,0,0,51,-1,,,,,,,,160,6,0,184,6,11,0,0,0,0
fCB,2.464648526077114,2,148,0,,6,,3392,3392,1,c,1,0,5,51,0,,,,,,,,64,13,0,184,6,11,0,0,0,0
aVC,2.4646938775510367,2,148,1,,11,,3392,3392,1,c,1,0,-1,52,0,,,,,,,,64,13,0,184,11,11,0,0,0,0
aVC,2.4803854875283617,2,149,1,,10,,3392,3392,1,c,1,0,-1,53,0,,,,,,,,64,13,0,184,10,11,0,0,0,0
aVC,2.4969841269841444,2,150,1,,9,,3392,3392,1,c,1,0,-1,54,0,,,,,,,,64,13,0,184,9,11,0,0,0,0
aVC,2.5136961451247344,2,151,1,,8,,3392,3392,1,c,1,0,-1,55,0,,,,,,,,64,13,0,184,8,11,0,0,0,0
aVC,2.53034013605444,2,152,1,,7,,3392,3392,1,c,1,0,-1,56,0,,,,,,,,64,13,0,184,7,11,0,0,0,0
aVC,2.5470294784580685,2,153,1,,6,,3392,3392,1,c,1,0,0,57,1,,,,,,,,64,13,0,184,6,11,0,0,0,0
fCB,2.5642403628118102,2,154,0,,6,,1696,1696,2,c,1,0,5,57,0,,,,,,,,160,6,0,184,6,11,0,0,0,0
aVC,2.564285714285733,2,154,1,,11,,1696,1696,2,c,1,0,-1,58,0,,,,,,,,160,6,0,184,11,11,0,0,0,0
aVC,2.5804308390022874,2,155,1,,10,,1696,1696,2,c,1,0,-1,59,0,,,,,,,,160,6,0,184,10,11,0,0,0,0
aVC,2.597120181405916,2,156,1,,9,,1696,1696,2,c,1,0,-1,60,0,,,,,,,,160,6,0,184,9,11,0,0,0,0
aVC,2.613832199546506,2,157,1,,8,,1696,1696,2,c,1,0,-1,61,0,,,,,,,,160,6,0,184,8,11,0,0,0,0
aVC,2.6305215419501344,2,158,1,,7,,1696,1696,2,c,1,0,-1,62,0,,,,,,,,160,6,0,184,7,11,0,0,0,0
aVC,2.647210884353763,2,159,1,,6,,1696,1696,2,c,1,0,0,63,-1,,,,,,,,160,6,0,184,6,11,0,0,0,0
fCB,2.664535147392312,2,160,0,,6,,3392,3392,1,c,1,0,5,63,0,,,,,,,,64,13,0,184,6,11,0,0,0,0
aVC,2.664580498866235,2,160,1,,11,,3392,3392,1,c,1,0,-1,64,0,,,,,,,,64,13,0,184,11,11,0,0,0,0
aVC,2.680521541950136,2,161,1,,10,,3392,3392,1,c,1,0,-1,65,0,,,,,,,,64,13,0,184,10,11,0,0,0,0
aVC,2.6972108843537645,2,162,1,,9,,3392,3392,1,c,1,0,-1,66,0,,,,,,,,64,13,0,184,9,11,0,0,0,0
aVC,2.7139229024943545,2,163,1,,8,,3392,3392,1,c,1,0,-1,67,0,,,,,,,,64,13,0,184,8,11,0,0,0,0
aVC,2.73056689342406,2,164,1,,7,,3392,3392,1,c,1,0,-1,68,0,,,,,,,,64,13,0,184,7,11,0,0,0,0
aVC,2.7472562358276886,2,165,1,,6,,3392,3392,1,c,1,0,0,69,1,,,,,,,,64,13,0,184,6,11,0,0,0,0
fCB,2.7644671201814304,2,166,0,,6,,1696,1696,2,c,1,0,5,69,0,,,,,,,,160,6,0,184,6,11,0,0,0,0
aVC,2.7645124716553533,2,166,1,,11,,1696,1696,2,c,1,0,-1,70,0,,,,,,,,160,6,0,184,11,11,0,0,0,0
aVC,2.7806575963719076,2,167,1,,10,,1696,1696,2,c,1,0,-1,71,0,,,,,,,,160,6,0,184,10,11,0,0,0,0
aVC,2.7972562358276902,2,168,1,,9,,1696,1696,2,c,1,0,-1,72,0,,,,,,,,160,6,0,184,9,11,0,0,0,0
aVC,2.8139455782313187,2,169,1,,8,,1696,1696,2,c,1,0,-1,73,0,,,,,,,,160,6,0,184,8,11,0,0,0,0
aVC,2.8303628117914097,2,170,1,,7,,1696,1696,2,c,1,0,-1,74,0,,,,,,,,160,6,0,184,7,11,0,0,0,0
aVC,2.8470294784580767,2,171,1,,6,,1696,1696,2,c,1,0,0,75,-1,,,,,,,,160,6,0,184,6,11,0,0,0,0
fCB,2.8652834467120454,2,172,0,,6,,3392,3392,1,c,1,0,5,75,0,,,,,,,,64,13,0,184,6,11,0,0,0,0
aVC,2.8653287981859683,2,172,1,,11,,3392,3392,1,c,1,0,-1,76,0,,,,,,,,64,13,0,184,11,11,0,0,0,0
aVC,2.880272108843565,2,173,1,,10,,3392,3392,1,c,1,0,-1,77,0,,,,,,,,64,13,0,184,10,11,0,0,0,0
aVC,2.8969614512471935,2,174,1,,9,,3392,3392,1,c,1,0,-1,78,0,,,,,,,,64,13,0,184,9,11,0,0,0,0
aVC,2.9137188208617064,2,175,1,,8,,3392,3392,1,c,1,0,-1,79,0,,,,,,,,64,13,0,184,8,11,0,0,0,0
aVC,2.9303854875283735,2,176,1,,7,,3392,3392,1,c,1,0,-1,80,0,,,,,,,,64,13,0,184,7,11,0,0,0,0
aVC,2.947074829932002,2,177,1,,6,,3392,3392,1,c,1,0,0,81,1,,,,,,,,64,13,0,184,6,11,0,0,0,0
fCB,2.9643764172335896,2,178,0,,6,,1696,1696,2,c,1,0,5,81,0,,,,,,,,160,6,0,184,6,11,0,0,0,0
aVC,2.9644217687075125,2,178,1,,11,,1696,1696,2,c,1,0,-1,82,0,,,,,,,,160,6,0,184,11,11,0,0,0,0
aVC,2.9805668934240668,2,179,1,,10,,1696,1696,2,c,1,0,-1,83,0,,,,,,,,160,6,0,184,10,11,0,0,0,0
aVC,2.9971655328798494,2,180,1,,9,,1696,1696,2,c,1,0,-1,84,0,,,,,,,,160,6,0,184,9,11,0,0,0,0
aVC,3.013854875283478,2,181,1,,8,,1696,1696,2,c,1,0,-1,85,0,,,,,,,,160,6,0,184,8,11,0,0,0,0
aVC,3.030521541950145,2,182,1,,7,,1696,1696,2,c,1,0,-1,86,0,,,,,,,,160,6,0,184,7,11,0,0,0,0
aVC,3.047233560090735,2,183,1,,6,,1696,1696,2,c,1,0,0,87,-1,,,,,,,,160,6,0,184,6,11,0,0,0,0
fCB,3.0647845804988987,2,184,0,,6,,3392,3392,1,c,1,0,5,87,0,,,,,,,,64,13,0,184,6,11,0,0,0,0
aVC,3.0648299319728216,2,184,1,,11,,3392,3392,1,c,1,0,-1,88,0,,,,,,,,64,13,0,184,11,11,0,0,0,0
aVC,3.0805215419501466,2,185,1,,10,,3392,3392,1,c,1,0,-1,89,0,,,,,,,,64,13,0,184,10,11,0,0,0,0
aVC,3.097210884353775,2,186,1,,9,,3392,3392,1,c,1,0,-1,90,0,,,,,,,,64,13,0,184,9,11,0,0,0,0
aVC,3.113922902494365,2,187,1,,8,,3392,3392,1,c,1,0,-1,91,0,,,,,,,,64,13,0,184,8,11,0,0,0,0
aVC,3.1306575963719165,2,188,1,,7,,3392,3392,1,c,1,0,-1,92,0,,,,,,,,64,13,0,184,7,11,0,0,0,0
aVC,3.147346938775545,2,189,1,,6,,3392,3392,1,c,1,0,0,93,1,,,,,,,,64,13,0,184,6,11,0,0,0,0
fCB,3.164467120181441,2,190,0,,6,,1696,1696,2,c,1,0,5,93,0,,,,,,,,160,6,0,184,6,11,0,0,0,0
aVC,3.164512471655364,2,190,1,,11,,1696,1696,2,c,1,0,-1,94,0,,,,,,,,160,6,0,184,11,11,0,0,0,0
aVC,3.180657596371918,2,191,1,,10,,1696,1696,2,c,1,0,-1,95,0,,,,,,,,160,6,0,184,10,11,0,0,0,0
aVC,3.1973469387755467,2,192,1,,9,,1696,1696,2,c,1,0,-1,96,0,,,,,,,,160,6,0,184,9,11,0,0,0,0
aVC,3.2140589569161366,2,193,1,,8,,1696,1696,2,c,1,0,-1,97,0,,,,,,,,160,6,0,184,8,11,0,0,0,0
aVC,3.2306575963719193,2,194,1,,7,,1696,1696,2,c,1,0,-1,98,0,,,,,,,,160,6,0,184,7,11,0,0,0,0
aVC,3.247346938775548,2,195,1,,6,,1696,1696,2,c,1,0,0,99,-1,,,,,,,,160,6,0,184,6,11,0,0,0,0
fCB,3.2647619047619427,2,196,0,,6,,3392,3392,1,c,1,0,5,99,0,,,,,,,,64,13,0,184,6,11,0,0,0,0
aVC,3.2648072562358657,2,196,1,,11,,3392,3392,1,c,1,0,-1,100,0,,,,,,,,64,13,0,184,11,11,0,0,0,0
aVC,3.2807482993197667,2,197,1,,10,,3392,3392,1,c,1,0,-1,101,0,,,,,,,,64,13,0,184,10,11,0,0,0,0
aVC,3.297528344671241,2,198,1,,9,,3392,3392,1,c,1,0,-1,102,0,,,,,,,,64,13,0,184,9,11,0,0,0,0
aVC,3.314240362811831,2,199,1,,8,,3392,3392,1,c,1,0,-1,103,0,,,,,,,,64,13,0,184,8,11,0,0,0,0
aVC,3.330793650793691,2,200,1,,7,,3392,3392,1,c,1,0,-1,104,0,,,,,,,,64,13,0,184,7,11,0,0,0,0
aVC,3.3474829931973193,2,201,1,,6,,3392,3392,1,c,1,0,0,105,1,,,,,,,,64,13,0,184,6,11,0,0,0,0
fCB,3.364693877551061,2,202,0,,6,,1696,1696,2,c,1,0,5,105,0,,,,,,,,160,6,0,184,6,11,0,0,0,0
aVC,3.364739229024984,2,202,1,,11,,1696,1696,2,c,1,0,-1,106,0,,,,,,,,160,6,0,184,11,11,0,0,0,0
aVC,3.3808843537415383,2,203,1,,10,,1696,1696,2,c,1,0,-1,107,0,,,,,,,,160,6,0,184,10,11,0,0,0,0
aVC,3.397573696145167,2,204,1,,9,,1696,1696,2,c,1,0,-1,108,0,,,,,,,,160,6,0,184,9,11,0,0,0,0
aVC,3.4142630385487953,2,205,1,,8,,1696,1696,2,c,1,0,-1,109,0,,,,,,,,160,6,0,184,8,11,0,0,0,0
aVC,3.430952380952424,2,206,1,,7,,1696,1696,2,c,1,0,-1,110,0,,,,,,,,160,6,0,184,7,11,0,0,0,0
aVC,3.4476417233560523,2,207,1,,6,,1696,1696,2,c,1,0,0,111,-1,,,,,,,,160,6,0,184,6,11,0,0,0,0
fCB,3.4663265306122883,2,208,0,,6,,3392,3392,1,c,1,0,5,111,0,,,,,,,,64,13,0,184,6,11,0,0,0,0
aVC,3.46634920634925,2,208,1,,11,,3392,3392,1,c,1,0,-1,112,0,,,,,,,,64,13,0,184,11,11,0,0,0,0
aVC,3.4817913832199987,2,209,0,,10,,3392,3392,1,c,1,0,0,113,0,,,,,,,,64,13,0,184,10,11,0,0,0,0
wNC,3.481859410430883,2,209,1,,10,,3392,3392,1,c,1,0,-1,113,0,,,,,,,,64,13,31,184,10,11,0,0,0,0
aVC,3.497868480725668,2,210,1,,9,,3392,3392,1,c,1,0,-1,114,0,,,,,,,,64,13,31,176,9,11,0,0,0,0
aVC,3.514625850340181,2,211,1,,8,,3392,3392,1,c,1,0,-1,115,0,,,,,,,,64,13,31,176,8,11,0,0,0,0
aVC,3.5312698412698866,2,212,1,,7,,3392,3392,1,c,1,0,-1,116,0,,,,,,,,64,13,31,176,7,11,0,0,0,0
aVC,3.547845804988708,2,213,1,,6,,3392,3392,1,c,1,0,0,117,1,,,,,,,,64,13,31,176,6,11,0,0,0,0
fCB,3.564988662131565,2,214,0,,6,,1696,1696,2,c,1,0,5,117,0,,,,,,,,160,6,31,176,6,11,0,0,0,0
aVC,3.565034013605488,2,214,1,,11,,1696,1696,2,c,1,0,-1,118,0,,,,,,,,160,6,31,176,11,11,0,0,0,0
aVC,3.5809977324263507,2,215,1,,10,,1696,1696,2,c,1,0,-1,119,0,,,,,,,,160,6,31,176,10,11,0,0,0,0
aVC,3.597687074829979,2,216,1,,9,,1696,1696,2,c,1,0,-1,120,0,,,,,,,,160,6,31,176,9,11,0,0,0,0
aVC,3.6143764172336077,2,217,0,,8,,1696,1696,2,c,1,0,0,121,0,,,,,,,,160,6,31,176,8,11,0,0,0,0
wNC,3.614444444444492,2,217,1,,8,,1696,1696,2,c,1,0,-1,121,0,,,,,,,,160,6,29,176,8,11,0,0,0,0
aVC,3.6307482993197757,2,218,0,,7,,1696,1696,2,c,1,0,0,122,0,,,,,,,,160,6,29,177,7,11,0,0,0,0
wNC,3.63081632653066,2,218,1,,7,,1696,1696,2,c,1,0,-1,122,0,,,,,,,,160,6,26,177,7,11,0,0,0,0
aVC,3.6474376417234042,2,219,0,,6,,1696,1696,2,c,1,0,0,123,0,,,,,,,,160,6,26,177,6,11,0,0,0,0
wNC,3.64752834467125,2,219,1,,6,,1696,1696,2,c,1,0,0,123,-1,,,,,,,,160,6,23,177,6,11,0,0,0,0
fCB,3.665034013605491,2,220,0,,6,,3392,3392,1,c,1,0,5,123,0,,,,,,,,64,13,23,177,6,11,0,0,0,0
aVC,3.665079365079414,2,220,0,,11,,3392,3392,1,c,1,0,0,124,0,,,,,,,,64,13,23,177,11,11,0,0,0,0
wNC,3.665147392290298,2,220,1,,11,,3392,3392,1,c,1,0,-1,124,0,,,,,,,,64,13,19,177,11,11,0,0,0,0
aVC,3.6807936507937002,2,221,0,,10,,3392,3392,1,c,1,0,0,125,0,,,,,,,,64,13,19,177,10,11,0,0,0,0
wNC,3.6808616780045846,2,221,1,,10,,3392,3392,1,c,1,0,-1,125,0,,,,,,,,64,13,16,177,10,11,0,0,0,0
aVC,3.6974149659864444,2,222,0,,9,,3392,3392,1,c,1,0,0,126,0,,,,,,,,64,13,16,177,9,11,0,0,0,0
wNC,3.6974829931973288,2,222,1,,9,,3392,3392,1,c,1,0,-1,126,0,,,,,,,,64,13,12,177,9,11,0,0,0,0
aVC,3.7139455782313426,2,223,0,,8,,3392,3392,1,c,1,0,0,127,0,,,,,,,,64,13,12,177,8,11,0,0,0,0
wNC,3.714013605442227,2,223,1,,8,,3392,3392,1,c,1,0,-1,127,0,,,,,,,,64,13,9,177,8,11,0,0,0,0
aVC,3.730997732426354,2,224,0,,7,,3392,3392,1,c,1,0,0,128,0,,,,,,,,64,13,9,177,7,11,0,0,0,0
wNC,3.7310657596372385,2,224,1,,7,,3392,3392,1,c,1,0,-1,128,0,,,,,,,,64,13,6,177,7,11,0,0,0,0
aVC,3.7473015873016378,2,225,0,,6,,3392,3392,1,c,1,0,0,129,0,,,,,,,,64,13,6,177,6,11,0,0,0,0
wNC,3.747369614512522,2,225,1,,6,,3392,3392,1,c,1,0,0,129,1,,,,,,,,64,13,3,177,6,11,0,0,0,0
fCB,3.7645124716553795,2,226,0,,6,,1696,1696,2,c,1,0,5,129,0,,,,,,,,160,6,3,177,6,11,0,0,0,0
aVC,3.7645578231293024,2,226,0,,11,,1696,1696,2,c,1,0,0,130,0,,,,,,,,160,6,3,177,11,11,0,0,0,0
wNC,3.764625850340187,2,226,1,,11,,1696,1696,2,c,1,0,-1,130,0,,,,,,,,160,6,1,177,11,11,0,0,0,0
aVC,3.7808163265306636,2,227,0,,10,,1696,1696,2,c,1,0,0,131,0,,,,,,,,160,6,1,177,10,11,0,0,0,0
wNC,3.780884353741548,2,227,1,,10,,1696,1696,2,c,1,0,-1,131,0,,,,,,,,160,6,4,177,10,11,0,0,0,0
aVC,3.7970294784581013,2,228,1,,9,,1696,1696,2,c,1,0,-1,132,0,,,,,,,,160,6,4,177,9,11,0,0,0,0
aVC,3.8137868480726143,2,229,1,,8,,1696,1696,2,c,1,0,-1,133,0,,,,,,,,160,6,4,177,8,11,0,0,0,0
aVC,3.8301587301587823,2,230,1,,7,,1696,1696,2,c,1,0,-1,134,0,,,,,,,,160,6,4,177,7,11,0,0,0,0
aVC,3.846666666666719,2,231,1,,6,,1696,1696,2,c,1,0,0,135,-1,,,,,,,,160,6,4,177,6,11,0,0,0,0
fCB,3.864240362811844,2,232,0,,6,,3392,3392,1,c,1,0,5,135,0,,,,,,,,64,13,4,177,6,11,0,0,0,0
aVC,3.8642857142857667,2,232,1,,11,,3392,3392,1,c,1,0,-1,136,0,,,,,,,,64,13,4,177,11,11,0,0,0,0
aVC,3.8800680272109376,2,233,1,,10,,3392,3392,1,c,1,0,-1,137,0,,,,,,,,64,13,4,177,10,11,0,0,0,0
aVC,3.897120181405949,2,234,0,,9,,3392,3392,1,c,1,0,0,138,0,,,,,,,,64,13,4,177,9,11,0,0,0,0
wNC,3.8971882086168335,2,234,1,,9,,3392,3392,1,c,1,0,-1,138,0,,,,,,,,64,13,7,177,9,11,0,0,0,0
aVC,3.9134693877551556,2,235,1,,8,,3392,3392,1,c,1,0,-1,139,0,,,,,,,,64,13,7,177,8,11,0,0,0,0
aVC,3.9299319727891695,2,236,1,,7,,3392,3392,1,c,1,0,-1,140,0,,,,,,,,64,13,7,177,7,11,0,0,0,0
aVC,3.946666666666721,2,237,1,,6,,3392,3392,1,c,1,0,0,141,1,,,,,,,,64,13,7,177,6,11,0,0,0,0
fCB,3.9638095238095783,2,238,0,,6,,1696,1696,2,c,1,0,5,141,0,,,,,,,,160,6,7,177,6,11,0,0,0,0
aVC,3.9638548752835012,2,238,1,,11,,1696,1696,2,c,1,0,-1,142,0,,,,,,,,160,6,7,177,11,11,0,0,0,0
aVC,3.980000000000055,2,239,1,,10,,1696,1696,2,c,1,0,-1,143,0,,,,,,,,160,6,7,177,10,11,0,0,0,0
aVC,3.997074829932028,2,240,1,,9,,1696,1696,2,c,1,0,-1,144,0,,,,,,,,160,6,7,177,9,11,0,0,0,0
aVC,4.013764172335656,2,241,0,,8,,1696,1696,2,c,1,0,0,145,0,,,,,,,,160,6,7,177,8,11,0,0,0,0
wNC,4.01383219954654,2,241,1,,8,,1696,1696,2,c,1,0,-1,145,0,,,,,,,,160,6,11,177,8,11,0,0,0,0
aVC,4.030068027210938,2,242,1,,7,,1696,1696,2,c,1,0,-1,146,0,,,,,,,,160,6,11,177,7,11,0,0,0,0
aVC,4.046780045351528,2,243,1,,6,,1696,1696,2,c,1,0,0,147,-1,,,,,,,,160,6,11,177,6,11,0,0,0,0
fCB,4.065079365079418,2,244,0,,6,,3392,3392,1,c,1,0,5,147,0,,,,,,,,64,13,11,177,6,11,0,0,0,0
aVC,4.065124716553341,2,244,1,,11,,3392,3392,1,c,1,0,-1,148,0,,,,,,,,64,13,11,177,11,11,0,0,0,0
aVC,4.080068027210936,2,245,1,,10,,3392,3392,1,c,1,0,-1,149,0,,,,,,,,64,13,11,177,10,11,0,0,0,0
aVC,4.0965079365079875,2,246,1,,9,,3392,3392,1,c,1,0,-1,150,0,,,,,,,,64,13,11,177,9,11,0,0,0,0
aVC,4.113083900226807,2,247,1,,8,,3392,3392,1,c,1,0,-1,151,0,,,,,,,,64,13,11,177,8,11,0,0,0,0
aVC,4.130272108843586,2,248,0,,7,,3392,3392,1,c,1,0,0,152,0,,,,,,,,64,13,11,177,7,11,0,0,0,0
wNC,4.13034013605447,2,248,1,,7,,3392,3392,1,c,1,0,-1,152,0,,,,,,,,64,13,14,177,7,11,0,0,0,0
aVC,4.1464399092971,2,249,1,,6,,3392,3392,1,c,1,0,0,153,1,,,,,,,,64,13,14,177,6,11,0,0,0,0
fCB,4.16365079365084,2,250,0,,6,,1696,1696,2,c,1,0,5,153,0,,,,,,,,160,6,14,177,6,11,0,0,0,0
aVC,4.163696145124763,2,250,1,,11,,1696,1696,2,c,1,0,-1,154,0,,,,,,,,160,6,14,177,11,11,0,0,0,0
aVC,4.179841269841315,2,251,1,,10,,1696,1696,2,c,1,0,-1,155,0,,,,,,,,160,6,14,177,10,11,0,0,0,0
aVC,4.196530612244942,2,252,1,,9,,1696,1696,2,c,1,0,-1,156,0,,,,,,,,160,6,14,177,9,11,0,0,0,0
aVC,4.213106575963763,2,253,1,,8,,1696,1696,2,c,1,0,-1,157,0,,,,,,,,160,6,14,177,8,11,0,0,0,0
aVC,4.229523809523853,2,254,1,,7,,1696,1696,2,c,1,0,-1,158,0,,,,,,,,160,6,14,177,7,11,0,0,0,0
aVC,4.246575963718862,2,255,0,,6,,1696,1696,2,c,1,0,0,159,0,,,,,,,,160,6,14,177,6,11,0,0,0,0
wNC,4.246666666666708,2,255,1,,6,,1696,1696,2,c,1,0,0,159,-1,,,,,,,,160,6,16,177,6,11,0,0,0,0
fCB,4.263764172335642,2,256,0,,6,,3392,3392,1,c,1,0,5,159,0,,,,,,,,64,13,16,177,6,11,0,0,0,0
aVC,4.263809523809565,2,256,1,,11,,3392,3392,1,c,1,0,-1,160,0,,,,,,,,64,13,16,177,11,11,0,0,0,0
aVC,4.278979591836776,2,257,1,,10,,3392,3392,1,c,1,0,-1,161,0,,,,,,,,64,13,16,179,10,11,0,0,0,0
aVC,4.295668934240403,2,258,1,,9,,3392,3392,1,c,1,0,-1,162,0,,,,,,,,64,13,16,179,9,11,0,0,0,0
aVC,4.312380952380993,2,259,1,,8,,3392,3392,1,c,1,0,-1,163,0,,,,,,,,64,13,16,179,8,11,0,0,0,0
aVC,4.329024943310698,2,260,1,,7,,3392,3392,1,c,1,0,-1,164,0,,,,,,,,64,13,16,179,7,11,0,0,0,0
aVC,4.345714285714326,2,261,1,,6,,3392,3392,1,c,1,0,0,165,1,,,,,,,,64,13,16,179,6,11,0,0,0,0
fCB,4.363015873015913,2,262,0,,6,,1696,1696,2,c,1,0,5,165,0,,,,,,,,160,6,16,179,6,11,0,0,0,0
aVC,4.363061224489836,2,262,1,,11,,1696,1696,2,c,1,0,-1,166,0,,,,,,,,160,6,16,179,11,11,0,0,0,0
aVC,4.3789342403628515,2,263,1,,10,,1696,1696,2,c,1,0,-1,167,0,,,,,,,,160,6,16,179,10,11,0,0,0,0
aVC,4.395623582766479,2,264,1,,9,,1696,1696,2,c,1,0,-1,168,0,,,,,,,,160,6,16,179,9,11,0,0,0,0
aVC,4.412335600907069,2,265,1,,8,,1696,1696,2,c,1,0,-1,169,0,,,,,,,,160,6,16,179,8,11,0,0,0,0
aVC,4.428934240362851,2,266,1,,7,,1696,1696,2,c,1,0,-1,170,0,,,,,,,,160,6,16,179,7,11,0,0,0,0
aVC,4.44562358276648,2,267,1,,6,,1696,1696,2,c,1,0,0,171,-1,,,,,,,,160,6,16,179,6,11,0,0,0,0
fCB,4.463038548752874,2,268,0,,6,,3392,3392,1,c,1,0,5,171,0,,,,,,,,64,13,16,179,6,11,0,0,0,0
aVC,4.463083900226797,2,268,1,,11,,3392,3392,1,c,1,0,-1,172,0,,,,,,,,64,13,16,179,11,11,0,0,0,0
aVC,4.478843537415005,2,269,1,,10,,3392,3392,1,c,1,0,-1,173,0,,,,,,,,64,13,16,179,10,11,0,0,0,0
aVC,4.495238095238134,2,270,1,,9,,3392,3392,1,c,1,0,-1,174,0,,,,,,,,64,13,16,187,9,11,0,0,0,0
aVC,4.511950113378724,2,271,1,,8,,3392,3392,1,c,1,0,-1,175,0,,,,,,,,64,13,16,187,8,11,0,0,0,0
aVC,4.5285941043084295,2,272,1,,7,,3392,3392,1,c,1,0,-1,176,0,,,,,,,,64,13,16,187,7,11,0,0,0,0
aVC,4.545283446712058,2,273,1,,6,,3392,3392,1,c,1,0,0,177,1,,,,,,,,64,13,16,187,6,11,0,0,0,0
fCB,4.5624943310658,2,274,0,,6,,1696,1696,2,c,1,0,5,177,0,,,,,,,,160,6,16,187,6,11,0,0,0,0
aVC,4.562539682539723,2,274,1,,11,,1696,1696,2,c,1,0,-1,178,0,,,,,,,,160,6,16,187,11,11,0,0,0,0
aVC,4.578684807256276,2,275,1,,10,,1696,1696,2,c,1,0,-1,179,0,,,,,,,,160,6,16,187,10,11,0,0,0,0
aVC,4.5953741496599045,2,276,1,,9,,1696,1696,2,c,1,0,-1,180,0,,,,,,,,160,6,16,187,9,11,0,0,0,0
aVC,4.612063492063533,2,277,1,,8,,1696,1696,2,c,1,0,-1,181,0,,,,,,,,160,6,16,187,8,11,0,0,0,0
aVC,4.628752834467161,2,278,1,,7,,1696,1696,2,c,1,0,-1,182,0,,,,,,,,160,6,16,187,7,11,0,0,0,0
aVC,4.645442176870787,2,279,1,,6,,1696,1696,2,c,1,0,0,183,-1,,,,,,,,160,6,16,187,6,11,0,0,0,0
fCB,4.664331065759676,2,280,0,,6,,3392,3392,1,c,1,0,5,183,0,,,,,,,,64,13,16,187,6,11,0,0,0,0
aVC,4.664376417233599,2,280,1,,11,,3392,3392,1,c,1,0,-1,184,0,,,,,,,,64,13,16,187,11,11,0,0,0,0
aVC,4.678843537415003,2,281,1,,10,,3392,3392,1,c,1,0,-1,185,0,,,,,,,,64,13,16,187,10,11,0,0,0,0
aVC,4.695555555555592,2,282,1,,9,,3392,3392,1,c,1,0,-1,186,0,,,,,,,,64,13,16,187,9,11,0,0,0,0
aVC,4.712312925170104,2,283,1,,8,,3392,3392,1,c,1,0,-1,187,0,,,,,,,,64,13,16,187,8,11,0,0,0,0
aVC,4.728956916099808,2,284,1,,7,,3392,3392,1,c,1,0,-1,188,0,,,,,,,,64,13,16,187,7,11,0,0,0,0
aVC,4.7456462585034345,2,285,1,,6,,3392,3392,1,c,1,0,5,189,0,,,,,,,,64,13,16,187,6,11,0,0,0,0
aVC,4.763378684807289,2,286,1,,11,,3392,3392,1,c,1,0,-1,190,0,,,,,,,,64,13,16,187,11,11,0,0,0,0
aVC,4.779047619047652,2,287,1,,10,,3392,3392,1,c,1,0,-1,191,0,,,,,,,,64,13,16,187,10,11,0,0,0,0
aVC,4.795736961451279,2,288,1,,9,,3392,3392,1,c,1,0,-1,192,0,,,,,,,,64,13,16,187,9,11,0,0,0,0
aVC,4.812448979591869,2,289,1,,8,,3392,3392,1,c,1,0,-1,193,0,,,,,,,,64,13,16,187,8,11,0,0,0,0
aVC,4.8290249433106895,2,290,58,,7,,3392,3392,1,c,1,0,-1,194,0,,,,,,,,64,13,16,187,7,11,0,0,0,0
aVC,5.796870748299349,2,348,1,,6,,3392,3392,1,c,1,0,-1,195,0,,,,,,,,64,13,16,187,6,11,0,0,0,0
aVC,5.813560090702977,2,349,1,,5,,3392,3392,1,c,1,0,-1,196,0,,,,,,,,64,13,16,187,5,11,0,0,0,0
aVC,5.830272108843567,2,350,1,,4,,3392,3392,1,c,1,0,-1,197,0,,,,,,,,64,13,16,187,4,11,0,0,0,0
aVC,5.846961451247194,2,351,1,,3,,3392,3392,1,c,1,0,0,198,0,,,,,,,,64,13,16,187,3,11,0,0,0,0
fCB,5.863832199546513,2,352,0,,3,,0,0,1,r,1,0,-3,198,0,,,,,,,,0,0,16,187,3,11,0,0,0,0
aVC,5.863877551020436,2,352,0,,0,,0,0,1,r,1,0,0,199,0,,,,,,,,0,0,16,187,0,11,0,0,0,0
mode,5.863877551020436,2,352,0,,0,,0,0,1,r,0,0,0,199,0,,,,,,,,0,0,16,191,0,11,0,0,0,0
