#type,time,ch,ticks,l,fL,v,fV,f,fF,o,scale,en,fEn,vDiff,vCnt,oDiff,envlp,envlpIndex,nE,nF,offset,data,wtblIndex,f1Ctrl,f2Ctrl,vCtrl,enCtrl
f1Ctrl,0.0,0,0,,,,,,,,,0,,,,,,,,,0,0,0,168,0,0,0
vCtrl,0.0005668934240362815,0,0,,,,,,,,,0,,,,,,,,,0,0,0,168,0,10,0
enBit,0.0008616780045351481,0,0,,,,,,,,,1,,,,,,,,,0,0,0,168,0,10,31
enBit,0.000929705215419502,0,0,,,,,,,,,0,,,,,,,,,0,0,0,168,0,10,0
wtbNew,0.000929705215419502,0,0,,,,,,,,,0,,,,,,,,,0,0,0,168,0,10,0
wtbLast,0.0009523809523809532,0,0,,,,,,,,,0,,,,,,,,,1,25,0,168,0,10,0
wtbLast,0.0009750566893424045,0,0,,,,,,,,,0,,,,,,,,,2,49,0,168,0,10,0
wtbLast,0.0009750566893424045,0,0,,,,,,,,,0,,,,,,,,,3,71,0,168,0,10,0
wtbLast,0.0009977324263038558,0,0,,,,,,,,,0,,,,,,,,,4,90,0,168,0,10,0
wtbLast,0.0009977324263038558,0,0,,,,,,,,,0,,,,,,,,,5,106,0,168,0,10,0
wtbLast,0.001020408163265307,0,0,,,,,,,,,0,,,,,,,,,6,117,0,168,0,10,0
wtbLast,0.001020408163265307,0,0,,,,,,,,,0,,,,,,,,,7,125,0,168,0,10,0
wtbLast,0.0010430839002267584,0,0,,,,,,,,,0,,,,,,,,,8,127,0,168,0,10,0
wtbLast,0.0010430839002267584,0,0,,,,,,,,,0,,,,,,,,,9,125,0,168,0,10,0
wtbLast,0.0010657596371882096,0,0,,,,,,,,,0,,,,,,,,,10,117,0,168,0,10,0
wtbLast,0.0010657596371882096,0,0,,,,,,,,,0,,,,,,,,,11,106,0,168,0,10,0
wtbLast,0.001088435374149661,0,0,,,,,,,,,0,,,,,,,,,12,90,0,168,0,10,0
wtbLast,0.001088435374149661,0,0,,,,,,,,,0,,,,,,,,,13,71,0,168,0,10,0
wtbLast,0.0011111111111111122,0,0,,,,,,,,,0,,,,,,,,,14,49,0,168,0,10,0
wtbLast,0.0011337868480725635,0,0,,,,,,,,,0,,,,,,,,,15,25,0,168,0,10,0
wtbLast,0.0011337868480725635,0,0,,,,,,,,,0,,,,,,,,,16,0,0,168,0,10,0
wtbLast,0.0011564625850340148,0,0,,,,,,,,,0,,,,,,,,,17,231,0,168,0,10,0
wtbLast,0.0011564625850340148,0,0,,,,,,,,,0,,,,,,,,,18,207,0,168,0,10,0
wtbLast,0.001179138321995466,0,0,,,,,,,,,0,,,,,,,,,19,185,0,168,0,10,0
wtbLast,0.001179138321995466,0,0,,,,,,,,,0,,,,,,,,,20,166,0,168,0,10,0
wtbLast,0.0012018140589569173,0,0,,,,,,,,,0,,,,,,,,,21,150,0,168,0,10,0
wtbLast,0.0012018140589569173,0,0,,,,,,,,,0,,,,,,,,,22,139,0,168,0,10,0
wtbLast,0.0012244897959183686,0,0,,,,,,,,,0,,,,,,,,,23,131,0,168,0,10,0
wtbLast,0.0012244897959183686,0,0,,,,,,,,,0,,,,,,,,,24,128,0,168,0,10,0
wtbLast,0.0012471655328798199,0,0,,,,,,,,,0,,,,,,,,,25,131,0,168,0,10,0
wtbLast,0.0012698412698412711,0,0,,,,,,,,,0,,,,,,,,,26,139,0,168,0,10,0
wtbLast,0.0012698412698412711,0,0,,,,,,,,,0,,,,,,,,,27,150,0,168,0,10,0
wtbLast,0.0012925170068027224,0,0,,,,,,,,,0,,,,,,,,,28,166,0,168,0,10,0
wtbLast,0.0012925170068027224,0,0,,,,,,,,,0,,,,,,,,,29,185,0,168,0,10,0
wtbLast,0.0013151927437641737,0,0,,,,,,,,,0,,,,,,,,,30,207,0,168,0,10,0
wtbLast,0.0013151927437641737,0,0,,,,,,,,,0,,,,,,,,,31,231,0,168,0,10,0
enBit,0.001337868480725625,0,0,,,,,,,,,1,,,,,,,,,31,231,0,168,0,10,31
enBit,0.0013832199546485275,0,0,,,,,,,,,0,,,,,,,,,31,231,0,168,0,10,0
enBit,0.0017913832199546505,0,0,,,,,,,,,1,,,,,,,,,31,231,0,168,0,10,31
enBit,0.0018594104308390044,0,0,,,,,,,,,0,,,,,,,,,31,231,0,168,0,10,0
enBit,0.002244897959183676,0,0,,,,,,,,,1,,,,,,,,,31,231,0,168,0,10,31
enBit,0.0022902494331065787,0,0,,,,,,,,,0,,,,,,,,,31,231,0,168,0,10,0
enBit,0.0026984126984127017,0,0,,,,,,,,,1,,,,,,,,,31,231,0,168,0,10,31
f1Ctrl,0.06351473922902494,0,4,,,,,,,,,1,,,,,,,,,31,231,0,178,0,10,31
f1Ctrl,0.13024943310657597,0,8,,,,,,,,,1,,,,,,,,,31,231,0,188,0,10,31
f1Ctrl,0.19687074829931972,0,12,,,,,,,,,1,,,,,,,,,31,231,0,200,0,10,31
f1Ctrl,0.26376417233560084,0,16,,,,,,,,,1,,,,,,,,,31,231,0,212,0,10,31
f1Ctrl,0.33056689342403617,0,20,,,,,,,,,1,,,,,,,,,31,231,0,224,0,10,31
f1Ctrl,0.3972562358276643,0,24,,,,,,,,,1,,,,,,,,,31,231,0,236,0,10,31
f1Ctrl,0.4640136054421767,0,28,,,,,,,,,1,,,,,,,,,31,231,0,252,0,10,31
f1Ctrl,0.5307709750566892,0,32,,,,,,,,,1,,,,,,,,,31,231,0,8,0,10,31
f2Ctrl,0.5308163265306122,0,32,,,,,,,,,1,,,,,,,,,31,231,0,8,1,10,31
f1Ctrl,0.5973696145124716,0,36,,,,,,,,,1,,,,,,,,,31,231,0,24,1,10,31
f1Ctrl,0.6646258503401361,0,40,,,,,,,,,1,,,,,,,,,31,231,0,40,1,10,31
f1Ctrl,0.730997732426304,0,44,,,,,,,,,1,,,,,,,,,31,231,0,60,1,10,31
f1Ctrl,0.7978684807256237,0,48,,,,,,,,,1,,,,,,,,,31,231,0,80,1,10,31
vCtrl,1.0659863945578238,0,64,,,,,,,,,1,,,,,,,,,31,231,0,80,1,8,31
vCtrl,1.3330158730158745,0,80,,,,,,,,,1,,,,,,,,,31,231,0,80,1,6,31
vCtrl,1.5324716553288005,0,92,,,,,,,,,1,,,,,,,,,31,231,0,80,1,4,31
f1Ctrl,1.669274376417236,0,101,,,,,,,,,1,,,,,,,,,31,231,0,160,1,4,31
f2Ctrl,1.669319727891159,0,101,,,,,,,,,1,,,,,,,,,31,231,0,160,6,4,31
vCtrl,1.669818594104311,0,101,,,,,,,,,1,,,,,,,,,31,231,0,160,6,15,31
enBit,1.670158730158733,0,101,,,,,,,,,0,,,,,,,,,31,231,0,160,6,15,0
wtbNew,1.6701814058956945,0,101,,,,,,,,,0,,,,,,,,,0,0,0,160,6,15,0
wtbLast,1.6701814058956945,0,101,,,,,,,,,0,,,,,,,,,1,64,0,160,6,15,0
wtbLast,1.670204081632656,0,101,,,,,,,,,0,,,,,,,,,2,127,0,160,6,15,0
wtbLast,1.670204081632656,0,101,,,,,,,,,0,,,,,,,,,3,64,0,160,6,15,0
wtbLast,1.6702267573696175,0,101,,,,,,,,,0,,,,,,,,,4,1,0,160,6,15,0
wtbLast,1.6702267573696175,0,101,,,,,,,,,0,,,,,,,,,5,192,0,160,6,15,0
wtbLast,1.670249433106579,0,101,,,,,,,,,0,,,,,,,,,6,129,0,160,6,15,0
wtbLast,1.670249433106579,0,101,,,,,,,,,0,,,,,,,,,7,192,0,160,6,15,0
wtbLast,1.6702721088435404,0,101,,,,,,,,,0,,,,,,,,,8,1,0,160,6,15,0
wtbLast,1.6702947845805018,0,101,,,,,,,,,0,,,,,,,,,9,64,0,160,6,15,0
wtbLast,1.6702947845805018,0,101,,,,,,,,,0,,,,,,,,,10,127,0,160,6,15,0
wtbLast,1.6703174603174633,0,101,,,,,,,,,0,,,,,,,,,11,64,0,160,6,15,0
wtbLast,1.6703174603174633,0,101,,,,,,,,,0,,,,,,,,,12,1,0,160,6,15,0
wtbLast,1.6703401360544248,0,101,,,,,,,,,0,,,,,,,,,13,192,0,160,6,15,0
wtbLast,1.6703401360544248,0,101,,,,,,,,,0,,,,,,,,,14,1,0,160,6,15,0
wtbLast,1.6703628117913862,0,101,,,,,,,,,0,,,,,,,,,15,64,0,160,6,15,0
wtbLast,1.6703628117913862,0,101,,,,,,,,,0,,,,,,,,,16,1,0,160,6,15,0
wtbLast,1.6703854875283477,0,101,,,,,,,,,0,,,,,,,,,17,224,0,160,6,15,0
wtbLast,1.6703854875283477,0,101,,,,,,,,,0,,,,,,,,,18,1,0,160,6,15,0
wtbLast,1.6704081632653092,0,101,,,,,,,,,0,,,,,,,,,19,32,0,160,6,15,0
wtbLast,1.6704081632653092,0,101,,,,,,,,,0,,,,,,,,,20,1,0,160,6,15,0
wtbLast,1.6704308390022706,0,101,,,,,,,,,0,,,,,,,,,21,240,0,160,6,15,0
wtbLast,1.670453514739232,0,101,,,,,,,,,0,,,,,,,,,22,1,0,160,6,15,0
wtbLast,1.670453514739232,0,101,,,,,,,,,0,,,,,,,,,23,16,0,160,6,15,0
wtbLast,1.6704761904761936,0,101,,,,,,,,,0,,,,,,,,,24,1,0,160,6,15,0
wtbLast,1.6704761904761936,0,101,,,,,,,,,0,,,,,,,,,25,255,0,160,6,15,0
wtbLast,1.670498866213155,0,101,,,,,,,,,0,,,,,,,,,26,255,0,160,6,15,0
wtbLast,1.670498866213155,0,101,,,,,,,,,0,,,,,,,,,27,255,0,160,6,15,0
wtbLast,1.6705215419501165,0,101,,,,,,,,,0,,,,,,,,,28,255,0,160,6,15,0
wtbLast,1.6705215419501165,0,101,,,,,,,,,0,,,,,,,,,29,64,0,160,6,15,0
wtbLast,1.670544217687078,0,101,,,,,,,,,0,,,,,,,,,30,64,0,160,6,15,0
wtbLast,1.670544217687078,0,101,,,,,,,,,0,,,,,,,,,31,64,1,160,6,15,0
enBit,1.6705668934240394,0,101,,,,,,,,,1,,,,,,,,,31,64,1,160,6,15,31
enBit,1.6706122448979623,0,101,,,,,,,,,0,,,,,,,,,31,64,1,160,6,15,0
enBit,1.6710204081632687,0,101,,,,,,,,,1,,,,,,,,,31,64,1,160,6,15,31
enBit,1.671088435374153,0,101,,,,,,,,,0,,,,,,,,,31,64,1,160,6,15,0
enBit,1.6714965986394594,0,101,,,,,,,,,1,,,,,,,,,31,64,1,160,6,15,31
enBit,1.6715419501133824,0,101,,,,,,,,,0,,,,,,,,,31,64,1,160,6,15,0
enBit,1.6719501133786887,0,101,,,,,,,,,1,,,,,,,,,31,64,1,160,6,15,31
vCtrl,1.6814512471655367,0,101,,,,,,,,,1,,,,,,,,,31,64,1,160,6,14,31
vCtrl,1.698140589569165,0,102,,,,,,,,,1,,,,,,,,,31,64,1,160,6,13,31
vCtrl,1.7148979591836775,0,103,,,,,,,,,1,,,,,,,,,31,64,1,160,6,12,31
vCtrl,1.7315646258503443,0,104,,,,,,,,,1,,,,,,,,,31,64,1,160,6,11,31
vCtrl,1.7482539682539724,0,105,,,,,,,,,1,,,,,,,,,31,64,1,160,6,10,31
f1Ctrl,1.765170068027215,0,106,,,,,,,,,1,,,,,,,,,31,64,1,80,6,10,31
f2Ctrl,1.7652380952380995,0,106,,,,,,,,,1,,,,,,,,,31,64,1,80,3,10,31
vCtrl,1.7655782312925212,0,106,,,,,,,,,1,,,,,,,,,31,64,1,80,3,15,31
vCtrl,1.7816553287981902,0,107,,,,,,,,,1,,,,,,,,,31,64,1,80,3,14,31
vCtrl,1.7990249433106622,0,108,,,,,,,,,1,,,,,,,,,31,64,1,80,3,13,31
vCtrl,1.815736961451252,0,109,,,,,,,,,1,,,,,,,,,31,64,1,80,3,12,31
vCtrl,1.8319954648526124,0,110,,,,,,,,,1,,,,,,,,,31,64,1,80,3,11,31
vCtrl,1.848707482993202,0,111,,,,,,,,,1,,,,,,,,,31,64,1,80,3,10,31
f1Ctrl,1.8660770975056737,0,112,,,,,,,,,1,,,,,,,,,31,64,1,160,3,10,31
f2Ctrl,1.8661451247165581,0,112,,,,,,,,,1,,,,,,,,,31,64,1,160,6,10,31
vCtrl,1.8664852607709799,0,112,,,,,,,,,1,,,,,,,,,31,64,1,160,6,15,31
vCtrl,1.882018140589574,0,113,,,,,,,,,1,,,,,,,,,31,64,1,160,6,14,31
vCtrl,1.898662131519279,0,114,,,,,,,,,1,,,,,,,,,31,64,1,160,6,13,31
vCtrl,1.9153514739229072,0,115,,,,,,,,,1,,,,,,,,,31,64,1,160,6,12,31
vCtrl,1.932018140589574,0,116,,,,,,,,,1,,,,,,,,,31,64,1,160,6,11,31
vCtrl,1.948707482993202,0,117,,,,,,,,,1,,,,,,,,,31,64,1,160,6,10,31
f1Ctrl,1.9657596371882136,0,118,,,,,,,,,1,,,,,,,,,31,64,1,80,6,10,31
f2Ctrl,1.965827664399098,0,118,,,,,,,,,1,,,,,,,,,31,64,1,80,3,10,31
vCtrl,1.9661678004535197,0,118,,,,,,,,,1,,,,,,,,,31,64,1,80,3,15,31
vCtrl,1.9822448979591885,0,119,,,,,,,,,1,,,,,,,,,31,64,1,80,3,14,31
vCtrl,1.9987981859410477,0,120,,,,,,,,,1,,,,,,,,,31,64,1,80,3,13,31
vCtrl,2.0155102040816373,0,121,,,,,,,,,1,,,,,,,,,31,64,1,80,3,12,31
vCtrl,2.0321315192743814,0,122,,,,,,,,,1,,,,,,,,,31,64,1,80,3,11,31
vCtrl,2.04882086167801,0,123,,,,,,,,,1,,,,,,,,,31,64,1,80,3,10,31
f1Ctrl,2.065918367346945,0,124,,,,,,,,,1,,,,,,,,,31,64,1,160,3,10,31
f2Ctrl,2.0659637188208677,0,124,,,,,,,,,1,,,,,,,,,31,64,1,160,6,10,31
vCtrl,2.0663038548752897,0,124,,,,,,,,,1,,,,,,,,,31,64,1,160,6,15,31
vCtrl,2.082176870748306,0,125,,,,,,,,,1,,,,,,,,,31,64,1,160,6,14,31
vCtrl,2.0988662131519344,0,126,,,,,,,,,1,,,,,,,,,31,64,1,160,6,13,31
vCtrl,2.1155782312925244,0,127,,,,,,,,,1,,,,,,,,,31,64,1,160,6,12,31
vCtrl,2.132358276643999,0,128,,,,,,,,,1,,,,,,,,,31,64,1,160,6,11,31
vCtrl,2.1490476190476273,0,129,,,,,,,,,1,,,,,,,,,31,64,1,160,6,10,31
f1Ctrl,2.1658730158730246,0,130,,,,,,,,,1,,,,,,,,,31,64,1,80,6,10,31
f2Ctrl,2.165941043083909,0,130,,,,,,,,,1,,,,,,,,,31,64,1,80,3,10,31
vCtrl,2.166281179138331,0,130,,,,,,,,,1,,,,,,,,,31,64,1,80,3,15,31
vCtrl,2.1823582766440004,0,131,,,,,,,,,1,,,,,,,,,31,64,1,80,3,14,31
vCtrl,2.199002267573706,0,132,,,,,,,,,1,,,,,,,,,31,64,1,80,3,13,31
vCtrl,2.2156916099773345,0,133,,,,,,,,,1,,,,,,,,,31,64,1,80,3,12,31
vCtrl,2.2324036281179245,0,134,,,,,,,,,1,,,,,,,,,31,64,1,80,3,11,31
vCtrl,2.249092970521553,0,135,,,,,,,,,1,,,,,,,,,31,64,1,80,3,10,31
f1Ctrl,2.2670975056689455,0,137,,,,,,,,,1,,,,,,,,,31,64,1,160,3,10,31
f2Ctrl,2.26716553287983,0,137,,,,,,,,,1,,,,,,,,,31,64,1,160,6,10,31
vCtrl,2.2675963718820977,0,137,,,,,,,,,1,,,,,,,,,31,64,1,160,6,15,31
vCtrl,2.282517006802733,0,137,,,,,,,,,1,,,,,,,,,31,64,1,160,6,14,31
vCtrl,2.2993424036281302,0,138,,,,,,,,,1,,,,,,,,,31,64,1,160,6,13,31
vCtrl,2.316099773242643,0,139,,,,,,,,,1,,,,,,,,,31,64,1,160,6,12,31
vCtrl,2.332653061224503,0,140,,,,,,,,,1,,,,,,,,,31,64,1,160,6,11,31
vCtrl,2.3493424036281314,0,141,,,,,,,,,1,,,,,,,,,31,64,1,160,6,10,31
f1Ctrl,2.366235827664413,0,142,,,,,,,,,1,,,,,,,,,31,64,1,80,6,10,31
f2Ctrl,2.366281179138336,0,142,,,,,,,,,1,,,,,,,,,31,64,1,80,3,10,31
vCtrl,2.366621315192758,0,142,,,,,,,,,1,,,,,,,,,31,64,1,80,3,15,31
vCtrl,2.3826984126984274,0,143,,,,,,,,,1,,,,,,,,,31,64,1,80,3,14,31
vCtrl,2.399387755102056,0,144,,,,,,,,,1,,,,,,,,,31,64,1,80,3,13,31
vCtrl,2.416099773242646,0,145,,,,,,,,,1,,,,,,,,,31,64,1,80,3,12,31
vCtrl,2.432766439909313,0,146,,,,,,,,,1,,,,,,,,,31,64,1,80,3,11,31
vCtrl,2.4494557823129415,0,147,,,,,,,,,1,,,,,,,,,31,64,1,80,3,10,31
f1Ctrl,2.466825396825414,0,149,,,,,,,,,1,,,,,,,,,31,64,1,160,3,10,31
f2Ctrl,2.4668934240362983,0,149,,,,,,,,,1,,,,,,,,,31,64,1,160,6,10,31
vCtrl,2.467278911564643,0,149,,,,,,,,,1,,,,,,,,,31,64,1,160,6,15,31
vCtrl,2.482834467120199,0,149,,,,,,,,,1,,,,,,,,,31,64,1,160,6,14,31
vCtrl,2.4994331065759816,0,150,,,,,,,,,1,,,,,,,,,31,64,1,160,6,13,31
vCtrl,2.51612244897961,0,151,,,,,,,,,1,,,,,,,,,31,64,1,160,6,12,31
vCtrl,2.532789115646277,0,152,,,,,,,,,1,,,,,,,,,31,64,1,160,6,11,31
vCtrl,2.5494784580499057,0,153,,,,,,,,,1,,,,,,,,,31,64,1,160,6,10,31
f1Ctrl,2.566394557823149,0,154,,,,,,,,,1,,,,,,,,,31,64,1,80,6,10,31
f2Ctrl,2.5664625850340332,0,154,,,,,,,,,1,,,,,,,,,31,64,1,80,3,10,31
vCtrl,2.566802721088455,0,155,,,,,,,,,1,,,,,,,,,31,64,1,80,3,15,31
vCtrl,2.5828798185941246,0,155,,,,,,,,,1,,,,,,,,,31,64,1,80,3,14,31
vCtrl,2.599569160997753,0,156,,,,,,,,,1,,,,,,,,,31,64,1,80,3,13,31
vCtrl,2.616281179138343,0,157,,,,,,,,,1,,,,,,,,,31,64,1,80,3,12,31
vCtrl,2.6329705215419716,0,158,,,,,,,,,1,,,,,,,,,31,64,1,80,3,11,31
vCtrl,2.6496598639456,0,159,,,,,,,,,1,,,,,,,,,31,64,1,80,3,10,31
f1Ctrl,2.6666893424036506,0,161,,,,,,,,,1,,,,,,,,,31,64,1,160,3,10,31
f2Ctrl,2.6667346938775736,0,161,,,,,,,,,1,,,,,,,,,31,64,1,160,6,10,31
vCtrl,2.6670748299319955,0,161,,,,,,,,,1,,,,,,,,,31,64,1,160,6,15,31
vCtrl,2.6829478458050118,0,161,,,,,,,,,1,,,,,,,,,31,64,1,160,6,14,31
vCtrl,2.6996598639456018,0,162,,,,,,,,,1,,,,,,,,,31,64,1,160,6,13,31
vCtrl,2.7163492063492303,0,163,,,,,,,,,1,,,,,,,,,31,64,1,160,6,12,31
vCtrl,2.732993197278936,0,164,,,,,,,,,1,,,,,,,,,31,64,1,160,6,11,31
vCtrl,2.7496825396825644,0,165,,,,,,,,,1,,,,,,,,,31,64,1,160,6,10,31
f1Ctrl,2.7665986394558075,0,166,,,,,,,,,1,,,,,,,,,31,64,1,80,6,10,31
f2Ctrl,2.766666666666692,0,167,,,,,,,,,1,,,,,,,,,31,64,1,80,3,10,31
vCtrl,2.767006802721114,0,167,,,,,,,,,1,,,,,,,,,31,64,1,80,3,15,31
vCtrl,2.7830839002267833,0,167,,,,,,,,,1,,,,,,,,,31,64,1,80,3,14,31
vCtrl,2.7998639455782577,0,168,,,,,,,,,1,,,,,,,,,31,64,1,80,3,13,31
vCtrl,2.816553287981886,0,169,,,,,,,,,1,,,,,,,,,31,64,1,80,3,12,31
vCtrl,2.8331746031746303,0,170,,,,,,,,,1,,,,,,,,,31,64,1,80,3,11,31
vCtrl,2.849863945578259,0,171,,,,,,,,,1,,,,,,,,,31,64,1,80,3,10,31
f1Ctrl,2.8678684807256514,0,173,,,,,,,,,1,,,,,,,,,31,64,1,160,3,10,31
f2Ctrl,2.8679365079365358,0,173,,,,,,,,,1,,,,,,,,,31,64,1,160,6,10,31
vCtrl,2.8683673469388036,0,173,,,,,,,,,1,,,,,,,,,31,64,1,160,6,15,31
vCtrl,2.883287981859439,0,173,,,,,,,,,1,,,,,,,,,31,64,1,160,6,14,31
vCtrl,2.8999773242630673,0,174,,,,,,,,,1,,,,,,,,,31,64,1,160,6,13,31
vCtrl,2.91673469387758,0,176,,,,,,,,,1,,,,,,,,,31,64,1,160,6,12,31
vCtrl,2.933378684807286,0,177,,,,,,,,,1,,,,,,,,,31,64,1,160,6,11,31
vCtrl,2.950090702947876,0,178,,,,,,,,,1,,,,,,,,,31,64,1,160,6,10,31
f1Ctrl,2.967097505668965,0,179,,,,,,,,,1,,,,,,,,,31,64,1,80,6,10,31
f2Ctrl,2.967165532879849,0,179,,,,,,,,,1,,,,,,,,,31,64,1,80,3,10,31
vCtrl,2.967505668934271,0,179,,,,,,,,,1,,,,,,,,,31,64,1,80,3,15,31
vCtrl,2.9835827664399406,0,180,,,,,,,,,1,,,,,,,,,31,64,1,80,3,14,31
vCtrl,3.0001814058957232,0,181,,,,,,,,,1,,,,,,,,,31,64,1,80,3,13,31
vCtrl,3.0168707482993518,0,182,,,,,,,,,1,,,,,,,,,31,64,1,80,3,12,31
vCtrl,3.033537414966019,0,183,,,,,,,,,1,,,,,,,,,31,64,1,80,3,11,31
vCtrl,3.050249433106609,0,184,,,,,,,,,1,,,,,,,,,31,64,1,80,3,10,31
f1Ctrl,3.067505668934274,0,185,,,,,,,,,1,,,,,,,,,31,64,1,160,3,10,31
f2Ctrl,3.0675736961451583,0,185,,,,,,,,,1,,,,,,,,,31,64,1,160,6,10,31
vCtrl,3.067959183673503,0,185,,,,,,,,,1,,,,,,,,,31,64,1,160,6,15,31
vCtrl,3.083514739229059,0,186,,,,,,,,,1,,,,,,,,,31,64,1,160,6,14,31
vCtrl,3.1002040816326875,0,187,,,,,,,,,1,,,,,,,,,31,64,1,160,6,13,31
vCtrl,3.1169160997732774,0,188,,,,,,,,,1,,,,,,,,,31,64,1,160,6,12,31
vCtrl,3.133650793650829,0,189,,,,,,,,,1,,,,,,,,,31,64,1,160,6,11,31
vCtrl,3.150317460317496,0,190,,,,,,,,,1,,,,,,,,,31,64,1,160,6,10,31
f1Ctrl,3.1671655328798547,0,191,,,,,,,,,1,,,,,,,,,31,64,1,80,6,10,31
f2Ctrl,3.167233560090739,0,191,,,,,,,,,1,,,,,,,,,31,64,1,80,3,10,31
vCtrl,3.167573696145161,0,191,,,,,,,,,1,,,,,,,,,31,64,1,80,3,15,31
vCtrl,3.1836507936508305,0,192,,,,,,,,,1,,,,,,,,,31,64,1,80,3,14,31
vCtrl,3.200340136054459,0,193,,,,,,,,,1,,,,,,,,,31,64,1,80,3,13,31
vCtrl,3.217052154195049,0,194,,,,,,,,,1,,,,,,,,,31,64,1,80,3,12,31
vCtrl,3.2336507936508316,0,195,,,,,,,,,1,,,,,,,,,31,64,1,80,3,11,31
vCtrl,3.25034013605446,0,196,,,,,,,,,1,,,,,,,,,31,64,1,80,3,10,31
f1Ctrl,3.2674603174603565,0,197,,,,,,,,,1,,,,,,,,,31,64,1,160,3,10,31
f2Ctrl,3.267528344671241,0,197,,,,,,,,,1,,,,,,,,,31,64,1,160,6,10,31
vCtrl,3.2678458049887014,0,197,,,,,,,,,1,,,,,,,,,31,64,1,160,6,15,31
vCtrl,3.2837188208617176,0,198,,,,,,,,,1,,,,,,,,,31,64,1,160,6,14,31
vCtrl,3.3005215419501535,0,199,,,,,,,,,1,,,,,,,,,31,64,1,160,6,13,31
vCtrl,3.317210884353782,0,200,,,,,,,,,1,,,,,,,,,31,64,1,160,6,12,31
vCtrl,3.3337641723356417,0,201,,,,,,,,,1,,,,,,,,,31,64,1,160,6,11,31
vCtrl,3.3504535147392702,0,202,,,,,,,,,1,,,,,,,,,31,64,1,160,6,10,31
f1Ctrl,3.367392290249475,0,203,,,,,,,,,1,,,,,,,,,31,64,1,80,6,10,31
f2Ctrl,3.3674376417233978,0,203,,,,,,,,,1,,,,,,,,,31,64,1,80,3,10,31
vCtrl,3.3677777777778197,0,203,,,,,,,,,1,,,,,,,,,31,64,1,80,3,15,31
vCtrl,3.383854875283489,0,204,,,,,,,,,1,,,,,,,,,31,64,1,80,3,14,31
vCtrl,3.4005442176871177,0,205,,,,,,,,,1,,,,,,,,,31,64,1,80,3,13,31
vCtrl,3.4172562358277077,0,206,,,,,,,,,1,,,,,,,,,31,64,1,80,3,12,31
vCtrl,3.433945578231336,0,207,,,,,,,,,1,,,,,,,,,31,64,1,80,3,11,31
vCtrl,3.4506349206349647,0,208,,,,,,,,,1,,,,,,,,,31,64,1,80,3,10,31
f1Ctrl,3.469092970521586,0,209,,,,,,,,,1,,,,,,,,,31,64,1,160,3,10,31
f2Ctrl,3.469138321995509,0,209,,,,,,,,,1,,,,,,,,,31,64,1,160,6,10,31
vCtrl,3.4696145124716997,0,209,,,,,,,,,1,,,,,,,,,31,64,1,160,6,15,31
vCtrl,3.484829931972834,0,210,,,,,,,,,1,,,,,,,,,31,64,1,160,6,14,31
vCtrl,3.501043083900272,0,211,,,,,,,,,1,,,,,,,,,31,64,1,160,6,13,31
vCtrl,3.517800453514785,0,212,,,,,,,,,1,,,,,,,,,31,64,1,160,6,12,31
vCtrl,3.5344444444444907,0,213,,,,,,,,,1,,,,,,,,,31,64,1,160,6,11,31
vCtrl,3.5512018140590036,0,214,,,,,,,,,1,,,,,,,,,31,64,1,160,6,10,31
f1Ctrl,3.568072562358324,0,215,,,,,,,,,1,,,,,,,,,31,64,1,80,6,10,31
f2Ctrl,3.5681179138322467,0,215,,,,,,,,,1,,,,,,,,,31,64,1,80,3,10,31
vCtrl,3.5684580498866687,0,215,,,,,,,,,1,,,,,,,,,31,64,1,80,3,15,31
vCtrl,3.584535147392338,0,216,,,,,,,,,1,,,,,,,,,31,64,1,80,3,14,31
vCtrl,3.6014058956916584,0,217,,,,,,,,,1,,,,,,,,,31,64,1,80,3,13,31
vCtrl,3.61814058956921,0,218,,,,,,,,,1,,,,,,,,,31,64,1,80,3,12,31
vCtrl,3.6346938775510695,0,219,,,,,,,,,1,,,,,,,,,31,64,1,80,3,11,31
vCtrl,3.6514058956916595,0,220,,,,,,,,,1,,,,,,,,,31,64,1,80,3,10,31
f1Ctrl,3.6687074829932476,0,221,,,,,,,,,1,,,,,,,,,31,64,1,160,3,10,31
f2Ctrl,3.6687528344671705,0,221,,,,,,,,,1,,,,,,,,,31,64,1,160,6,10,31
vCtrl,3.669115646258554,0,221,,,,,,,,,1,,,,,,,,,31,64,1,160,6,15,31
vCtrl,3.684739229024994,0,222,,,,,,,,,1,,,,,,,,,31,64,1,160,6,14,31
vCtrl,3.701360544217738,0,223,,,,,,,,,1,,,,,,,,,31,64,1,160,6,13,31
vCtrl,3.7180498866213667,0,224,,,,,,,,,1,,,,,,,,,31,64,1,160,6,12,31
vCtrl,3.735102040816378,0,225,,,,,,,,,1,,,,,,,,,31,64,1,160,6,11,31
vCtrl,3.751405895691662,0,226,,,,,,,,,1,,,,,,,,,31,64,1,160,6,10,31
f1Ctrl,3.7683446712018664,0,227,,,,,,,,,1,,,,,,,,,31,64,1,80,6,10,31
f2Ctrl,3.7683900226757894,0,227,,,,,,,,,1,,,,,,,,,31,64,1,80,3,10,31
vCtrl,3.7687301587302113,0,227,,,,,,,,,1,,,,,,,,,31,64,1,80,3,15,31
vCtrl,3.7849206349206876,0,228,,,,,,,,,1,,,,,,,,,31,64,1,80,3,14,31
vCtrl,3.801111111111164,0,229,,,,,,,,,1,,,,,,,,,31,64,1,80,3,13,31
vCtrl,3.817868480725677,0,230,,,,,,,,,1,,,,,,,,,31,64,1,80,3,12,31
vCtrl,3.834399092970575,0,231,,,,,,,,,1,,,,,,,,,31,64,1,80,3,11,31
vCtrl,3.8510884353742036,0,232,,,,,,,,,1,,,,,,,,,31,64,1,80,3,10,31
f1Ctrl,3.8683900226757912,0,233,,,,,,,,,1,,,,,,,,,31,64,1,160,3,10,31
f2Ctrl,3.8684580498866756,0,233,,,,,,,,,1,,,,,,,,,31,64,1,160,6,10,31
vCtrl,3.868775510204136,0,233,,,,,,,,,1,,,,,,,,,31,64,1,160,6,15,31
vCtrl,3.884489795918422,0,234,,,,,,,,,1,,,,,,,,,31,64,1,160,6,14,31
vCtrl,3.9015873015873566,0,235,,,,,,,,,1,,,,,,,,,31,64,1,160,6,13,31
vCtrl,3.91789115646264,0,236,,,,,,,,,1,,,,,,,,,31,64,1,160,6,12,31
vCtrl,3.9345351473923458,0,237,,,,,,,,,1,,,,,,,,,31,64,1,160,6,11,31
vCtrl,3.951269841269897,0,238,,,,,,,,,1,,,,,,,,,31,64,1,160,6,10,31
f1Ctrl,3.9681405895692174,0,239,,,,,,,,,1,,,,,,,,,31,64,1,80,6,10,31
f2Ctrl,3.9681859410431404,0,239,,,,,,,,,1,,,,,,,,,31,64,1,80,3,10,31
vCtrl,3.9685260770975623,0,239,,,,,,,,,1,,,,,,,,,31,64,1,80,3,15,31
vCtrl,3.9846031746032313,0,240,,,,,,,,,1,,,,,,,,,31,64,1,80,3,14,31
vCtrl,4.001678004535204,0,241,,,,,,,,,1,,,,,,,,,31,64,1,80,3,13,31
vCtrl,4.018412698412754,0,242,,,,,,,,,1,,,,,,,,,31,64,1,80,3,12,31
vCtrl,4.034716553288037,0,243,,,,,,,,,1,,,,,,,,,31,64,1,80,3,11,31
vCtrl,4.051405895691665,0,244,,,,,,,,,1,,,,,,,,,31,64,1,80,3,10,31
f1Ctrl,4.069478458049941,0,245,,,,,,,,,1,,,,,,,,,31,64,1,160,3,10,31
f2Ctrl,4.069523809523864,0,245,,,,,,,,,1,,,,,,,,,31,64,1,160,6,10,31
vCtrl,4.06993197278917,0,245,,,,,,,,,1,,,,,,,,,31,64,1,160,6,15,31
vCtrl,4.084875283446765,0,246,,,,,,,,,1,,,,,,,,,31,64,1,160,6,14,31
vCtrl,4.101496598639508,0,247,,,,,,,,,1,,,,,,,,,31,64,1,160,6,13,31
vCtrl,4.118253968254019,0,248,,,,,,,,,1,,,,,,,,,31,64,1,160,6,12,31
vCtrl,4.135487528344721,0,249,,,,,,,,,1,,,,,,,,,31,64,1,160,6,11,31
vCtrl,4.151609977324312,0,250,,,,,,,,,1,,,,,,,,,31,64,1,160,6,10,31
f1Ctrl,4.168548752834515,0,251,,,,,,,,,1,,,,,,,,,31,64,1,80,6,10,31
f2Ctrl,4.168594104308438,0,251,,,,,,,,,1,,,,,,,,,31,64,1,80,3,10,31
vCtrl,4.1689342403628595,0,251,,,,,,,,,1,,,,,,,,,31,64,1,80,3,15,31
vCtrl,4.185011337868527,0,252,,,,,,,,,1,,,,,,,,,31,64,1,80,3,14,31
vCtrl,4.201723356009116,0,253,,,,,,,,,1,,,,,,,,,31,64,1,80,3,13,31
vCtrl,4.218458049886666,0,254,,,,,,,,,1,,,,,,,,,31,64,1,80,3,12,31
vCtrl,4.235056689342448,0,255,,,,,,,,,1,,,,,,,,,31,64,1,80,3,11,31
vCtrl,4.252176870748342,0,256,,,,,,,,,1,,,,,,,,,31,64,1,80,3,10,31
f1Ctrl,4.269002267573739,0,257,,,,,,,,,1,,,,,,,,,31,64,1,160,3,10,31
f2Ctrl,4.269070294784623,0,257,,,,,,,,,1,,,,,,,,,31,64,1,160,6,10,31
vCtrl,4.269433106576006,0,257,,,,,,,,,1,,,,,,,,,31,64,1,160,6,15,31
vCtrl,4.284693877551063,0,258,,,,,,,,,1,,,,,,,,,31,64,1,160,6,14,31
vCtrl,4.30138321995469,0,259,,,,,,,,,1,,,,,,,,,31,64,1,160,6,13,31
vCtrl,4.318072562358319,0,260,,,,,,,,,1,,,,,,,,,31,64,1,160,6,12,31
vCtrl,4.3347392290249855,0,261,,,,,,,,,1,,,,,,,,,31,64,1,160,6,11,31
vCtrl,4.351405895691652,0,262,,,,,,,,,1,,,,,,,,,31,64,1,160,6,10,31
f1Ctrl,4.368616780045393,0,263,,,,,,,,,1,,,,,,,,,31,64,1,80,6,10,31
f2Ctrl,4.368662131519316,0,263,,,,,,,,,1,,,,,,,,,31,64,1,80,3,10,31
vCtrl,4.369002267573737,0,263,,,,,,,,,1,,,,,,,,,31,64,1,80,3,15,31
vCtrl,4.384807256235869,0,264,,,,,,,,,1,,,,,,,,,31,64,1,80,3,14,31
vCtrl,4.401519274376458,0,265,,,,,,,,,1,,,,,,,,,31,64,1,80,3,13,31
vCtrl,4.4182086167800865,0,266,,,,,,,,,1,,,,,,,,,31,64,1,80,3,12,31
vCtrl,4.434807256235869,0,267,,,,,,,,,1,,,,,,,,,31,64,1,80,3,11,31
vCtrl,4.451496598639498,0,268,,,,,,,,,1,,,,,,,,,31,64,1,80,3,10,31
f1Ctrl,4.4686394557823546,0,269,,,,,,,,,1,,,,,,,,,31,64,1,160,3,10,31
f2Ctrl,4.4686848072562775,0,269,,,,,,,,,1,,,,,,,,,31,64,1,160,6,10,31
vCtrl,4.469024943310699,0,269,,,,,,,,,1,,,,,,,,,31,64,1,160,6,15,31
vCtrl,4.48498866213156,0,270,,,,,,,,,1,,,,,,,,,31,64,1,160,6,14,31
vCtrl,4.5015646258503805,0,271,,,,,,,,,1,,,,,,,,,31,64,1,160,6,13,31
vCtrl,4.518253968254009,0,272,,,,,,,,,1,,,,,,,,,31,64,1,160,6,12,31
vCtrl,4.534897959183715,0,273,,,,,,,,,1,,,,,,,,,31,64,1,160,6,11,31
vCtrl,4.551587301587343,0,274,,,,,,,,,1,,,,,,,,,31,64,1,160,6,10,31
f1Ctrl,4.568526077097547,0,275,,,,,,,,,1,,,,,,,,,31,64,1,80,6,10,31
f2Ctrl,4.56857142857147,0,275,,,,,,,,,1,,,,,,,,,31,64,1,80,3,10,31
vCtrl,4.568911564625892,0,275,,,,,,,,,1,,,,,,,,,31,64,1,80,3,15,31
vCtrl,4.584988662131561,0,276,,,,,,,,,1,,,,,,,,,31,64,1,80,3,14,31
vCtrl,4.60167800453519,0,277,,,,,,,,,1,,,,,,,,,31,64,1,80,3,13,31
vCtrl,4.618390022675779,0,278,,,,,,,,,1,,,,,,,,,31,64,1,80,3,12,31
vCtrl,4.635079365079407,0,279,,,,,,,,,1,,,,,,,,,31,64,1,80,3,11,31
vCtrl,4.651768707483034,0,280,,,,,,,,,1,,,,,,,,,31,64,1,80,3,10,31
f1Ctrl,4.670408163265346,0,281,,,,,,,,,1,,,,,,,,,31,64,1,160,3,10,31
f2Ctrl,4.67047619047623,0,281,,,,,,,,,1,,,,,,,,,31,64,1,160,6,10,31
vCtrl,4.670884353741536,0,281,,,,,,,,,1,,,,,,,,,31,64,1,160,6,15,31
vCtrl,4.685192743764211,0,282,,,,,,,,,1,,,,,,,,,31,64,1,160,6,14,31
vCtrl,4.7018820861678385,0,283,,,,,,,,,1,,,,,,,,,31,64,1,160,6,13,31
vCtrl,4.71863945578235,0,284,,,,,,,,,1,,,,,,,,,31,64,1,160,6,12,31
vCtrl,4.735283446712054,0,285,,,,,,,,,1,,,,,,,,,31,64,1,160,6,11,31
vCtrl,4.751995464852643,0,286,,,,,,,,,1,,,,,,,,,31,64,1,160,6,10,31
vCtrl,4.7697278911564975,0,287,,,,,,,,,1,,,,,,,,,31,64,1,160,6,15,31
vCtrl,4.78539682539686,0,288,,,,,,,,,1,,,,,,,,,31,64,1,160,6,14,31
vCtrl,4.802086167800487,0,289,,,,,,,,,1,,,,,,,,,31,64,1,160,6,13,31
vCtrl,4.818798185941077,0,290,,,,,,,,,1,,,,,,,,,31,64,1,160,6,12,31
vCtrl,4.835351473922936,0,291,,,,,,,,,1,,,,,,,,,31,64,1,160,6,11,31
vCtrl,5.803219954648557,0,349,,,,,,,,,1,,,,,,,,,31,64,1,160,6,10,31
vCtrl,5.819886621315224,0,350,,,,,,,,,1,,,,,,,,,31,64,1,160,6,9,31
vCtrl,5.836598639455813,0,351,,,,,,,,,1,,,,,,,,,31,64,1,160,6,8,31
vCtrl,5.85328798185944,0,352,,,,,,,,,1,,,,,,,,,31,64,1,160,6,7,31
f1Ctrl,5.869909297052184,0,353,,,,,,,,,1,,,,,,,,,31,64,1,0,6,7,31
f2Ctrl,5.8699773242630675,0,353,,,,,,,,,1,,,,,,,,,31,64,1,0,0,7,31
vCtrl,5.870408163265335,0,353,,,,,,,,,1,,,,,,,,,31,64,1,0,0,0,31
enBit,5.8706575963719105,0,353,,,,,,,,,0,,,,,,,,,31,64,1,0,0,0,0

f1Ctrl,0.00011337868480725617,1,0,,,,,,,,,0,,,,,,,,,0,0,0,224,0,0,0
vCtrl,0.0006122448979591841,1,0,,,,,,,,,0,,,,,,,,,0,0,0,224,0,7,0
enBit,0.0008616780045351481,1,0,,,,,,,,,1,,,,,,,,,0,0,0,224,0,7,31
enBit,0.000929705215419502,1,0,,,,,,,,,0,,,,,,,,,0,0,0,224,0,7,0
enBit,0.001337868480725625,1,0,,,,,,,,,1,,,,,,,,,0,0,0,224,0,7,31
enBit,0.0013832199546485275,1,0,,,,,,,,,0,,,,,,,,,0,0,0,224,0,7,0
wtbNew,0.0014058956916099788,1,0,,,,,,,,,0,,,,,,,,,0,0,0,224,0,7,0
wtbLast,0.0014058956916099788,1,0,,,,,,,,,0,,,,,,,,,1,25,0,224,0,7,0
wtbLast,0.00142857142857143,1,0,,,,,,,,,0,,,,,,,,,2,49,0,224,0,7,0
wtbLast,0.00142857142857143,1,0,,,,,,,,,0,,,,,,,,,3,71,0,224,0,7,0
wtbLast,0.0014512471655328814,1,0,,,,,,,,,0,,,,,,,,,4,90,0,224,0,7,0
wtbLast,0.0014512471655328814,1,0,,,,,,,,,0,,,,,,,,,5,106,0,224,0,7,0
wtbLast,0.0014739229024943326,1,0,,,,,,,,,0,,,,,,,,,6,117,0,224,0,7,0
wtbLast,0.0014739229024943326,1,0,,,,,,,,,0,,,,,,,,,7,125,0,224,0,7,0
wtbLast,0.001496598639455784,1,0,,,,,,,,,0,,,,,,,,,8,127,0,224,0,7,0
wtbLast,0.0015192743764172352,1,0,,,,,,,,,0,,,,,,,,,9,125,0,224,0,7,0
wtbLast,0.0015192743764172352,1,0,,,,,,,,,0,,,,,,,,,10,117,0,224,0,7,0
wtbLast,0.0015419501133786865,1,0,,,,,,,,,0,,,,,,,,,11,106,0,224,0,7,0
wtbLast,0.0015419501133786865,1,0,,,,,,,,,0,,,,,,,,,12,90,0,224,0,7,0
wtbLast,0.0015646258503401378,1,0,,,,,,,,,0,,,,,,,,,13,71,0,224,0,7,0
wtbLast,0.0015646258503401378,1,0,,,,,,,,,0,,,,,,,,,14,49,0,224,0,7,0
wtbLast,0.001587301587301589,1,0,,,,,,,,,0,,,,,,,,,15,25,0,224,0,7,0
wtbLast,0.001587301587301589,1,0,,,,,,,,,0,,,,,,,,,16,0,0,224,0,7,0
wtbLast,0.0016099773242630403,1,0,,,,,,,,,0,,,,,,,,,17,231,0,224,0,7,0
wtbLast,0.0016099773242630403,1,0,,,,,,,,,0,,,,,,,,,18,207,0,224,0,7,0
wtbLast,0.0016326530612244916,1,0,,,,,,,,,0,,,,,,,,,19,185,0,224,0,7,0
wtbLast,0.0016553287981859429,1,0,,,,,,,,,0,,,,,,,,,20,166,0,224,0,7,0
wtbLast,0.0016553287981859429,1,0,,,,,,,,,0,,,,,,,,,21,150,0,224,0,7,0
wtbLast,0.0016780045351473941,1,0,,,,,,,,,0,,,,,,,,,22,139,0,224,0,7,0
wtbLast,0.0016780045351473941,1,0,,,,,,,,,0,,,,,,,,,23,131,0,224,0,7,0
wtbLast,0.0017006802721088454,1,0,,,,,,,,,0,,,,,,,,,24,128,0,224,0,7,0
wtbLast,0.0017006802721088454,1,0,,,,,,,,,0,,,,,,,,,25,131,0,224,0,7,0
wtbLast,0.0017233560090702967,1,0,,,,,,,,,0,,,,,,,,,26,139,0,224,0,7,0
wtbLast,0.0017233560090702967,1,0,,,,,,,,,0,,,,,,,,,27,150,0,224,0,7,0
wtbLast,0.001746031746031748,1,0,,,,,,,,,0,,,,,,,,,28,166,0,224,0,7,0
wtbLast,0.001746031746031748,1,0,,,,,,,,,0,,,,,,,,,29,185,0,224,0,7,0
wtbLast,0.0017687074829931993,1,0,,,,,,,,,0,,,,,,,,,30,207,0,224,0,7,0
wtbLast,0.0017687074829931993,1,0,,,,,,,,,0,,,,,,,,,31,231,0,224,0,7,0
enBit,0.0017913832199546505,1,0,,,,,,,,,1,,,,,,,,,31,231,0,224,0,7,31
enBit,0.0018594104308390044,1,0,,,,,,,,,0,,,,,,,,,31,231,0,224,0,7,0
enBit,0.002244897959183676,1,0,,,,,,,,,1,,,,,,,,,31,231,0,224,0,7,31
enBit,0.0022902494331065787,1,0,,,,,,,,,0,,,,,,,,,31,231,0,224,0,7,0
enBit,0.0026984126984127017,1,0,,,,,,,,,1,,,,,,,,,31,231,0,224,0,7,31
f1Ctrl,0.06360544217687074,1,4,,,,,,,,,1,,,,,,,,,31,231,0,236,0,7,31
f1Ctrl,0.13034013605442177,1,8,,,,,,,,,1,,,,,,,,,31,231,0,252,0,7,31
f1Ctrl,0.19696145124716552,1,12,,,,,,,,,1,,,,,,,,,31,231,0,8,0,7,31
f2Ctrl,0.19702947845804988,1,12,,,,,,,,,1,,,,,,,,,31,231,0,8,1,7,31
f1Ctrl,0.2638775510204081,1,16,,,,,,,,,1,,,,,,,,,31,231,0,24,1,7,31
f1Ctrl,0.33065759637188197,1,20,,,,,,,,,1,,,,,,,,,31,231,0,40,1,7,31
f1Ctrl,0.3973469387755101,1,24,,,,,,,,,1,,,,,,,,,31,231,0,60,1,7,31
f1Ctrl,0.4641043083900225,1,28,,,,,,,,,1,,,,,,,,,31,231,0,80,1,7,31
f1Ctrl,0.5308843537414966,1,32,,,,,,,,,1,,,,,,,,,31,231,0,100,1,7,31
f1Ctrl,0.5974603174603175,1,36,,,,,,,,,1,,,,,,,,,31,231,0,120,1,7,31
f1Ctrl,0.664716553287982,1,40,,,,,,,,,1,,,,,,,,,31,231,0,144,1,7,31
f1Ctrl,0.7311111111111112,1,44,,,,,,,,,1,,,,,,,,,31,231,0,168,1,7,31
f1Ctrl,0.7979591836734695,1,48,,,,,,,,,1,,,,,,,,,31,231,0,192,1,7,31
vCtrl,1.0660544217687082,1,64,,,,,,,,,1,,,,,,,,,31,231,0,192,1,8,31
vCtrl,1.3330612244897975,1,80,,,,,,,,,1,,,,,,,,,31,231,0,192,1,6,31
vCtrl,1.5325170068027234,1,92,,,,,,,,,1,,,,,,,,,31,231,0,192,1,4,31
f1Ctrl,1.6693877551020433,1,101,,,,,,,,,1,,,,,,,,,31,231,0,61,1,4,31
vCtrl,1.669863945578234,1,101,,,,,,,,,1,,,,,,,,,31,231,0,61,1,8,31
enBit,1.670158730158733,1,101,,,,,,,,,0,,,,,,,,,31,231,0,61,1,8,0
enBit,1.6705668934240394,1,101,,,,,,,,,1,,,,,,,,,31,231,0,61,1,8,31
enBit,1.6706122448979623,1,101,,,,,,,,,0,,,,,,,,,31,231,0,61,1,8,0
wtbNew,1.6706349206349238,1,101,,,,,,,,,0,,,,,,,,,0,0,0,61,1,8,0
wtbLast,1.6706349206349238,1,101,,,,,,,,,0,,,,,,,,,1,240,0,61,1,8,0
wtbLast,1.6706575963718853,1,101,,,,,,,,,0,,,,,,,,,2,224,0,61,1,8,0
wtbLast,1.6706575963718853,1,101,,,,,,,,,0,,,,,,,,,3,208,0,61,1,8,0
wtbLast,1.6706802721088467,1,101,,,,,,,,,0,,,,,,,,,4,192,0,61,1,8,0
wtbLast,1.6707029478458082,1,101,,,,,,,,,0,,,,,,,,,5,176,0,61,1,8,0
wtbLast,1.6707029478458082,1,101,,,,,,,,,0,,,,,,,,,6,160,0,61,1,8,0
wtbLast,1.6707256235827697,1,101,,,,,,,,,0,,,,,,,,,7,144,0,61,1,8,0
wtbLast,1.6707256235827697,1,101,,,,,,,,,0,,,,,,,,,8,128,0,61,1,8,0
wtbLast,1.6707482993197311,1,101,,,,,,,,,0,,,,,,,,,9,128,0,61,1,8,0
wtbLast,1.6707482993197311,1,101,,,,,,,,,0,,,,,,,,,10,128,0,61,1,8,0
wtbLast,1.6707709750566926,1,101,,,,,,,,,0,,,,,,,,,11,128,0,61,1,8,0
wtbLast,1.6707709750566926,1,101,,,,,,,,,0,,,,,,,,,12,128,0,61,1,8,0
wtbLast,1.670793650793654,1,101,,,,,,,,,0,,,,,,,,,13,128,0,61,1,8,0
wtbLast,1.670793650793654,1,101,,,,,,,,,0,,,,,,,,,14,128,0,61,1,8,0
wtbLast,1.6708163265306155,1,101,,,,,,,,,0,,,,,,,,,15,128,0,61,1,8,0
wtbLast,1.670839002267577,1,101,,,,,,,,,0,,,,,,,,,16,128,0,61,1,8,0
wtbLast,1.670839002267577,1,101,,,,,,,,,0,,,,,,,,,17,128,0,61,1,8,0
wtbLast,1.6708616780045384,1,101,,,,,,,,,0,,,,,,,,,18,128,0,61,1,8,0
wtbLast,1.6708616780045384,1,101,,,,,,,,,0,,,,,,,,,19,128,0,61,1,8,0
wtbLast,1.6708843537415,1,101,,,,,,,,,0,,,,,,,,,20,128,0,61,1,8,0
wtbLast,1.6708843537415,1,101,,,,,,,,,0,,,,,,,,,21,128,0,61,1,8,0
wtbLast,1.6709070294784614,1,101,,,,,,,,,0,,,,,,,,,22,128,0,61,1,8,0
wtbLast,1.6709070294784614,1,101,,,,,,,,,0,,,,,,,,,23,128,0,61,1,8,0
wtbLast,1.6709297052154228,1,101,,,,,,,,,0,,,,,,,,,24,127,0,61,1,8,0
wtbLast,1.6709297052154228,1,101,,,,,,,,,0,,,,,,,,,25,112,0,61,1,8,0
wtbLast,1.6709523809523843,1,101,,,,,,,,,0,,,,,,,,,26,96,0,61,1,8,0
wtbLast,1.6709523809523843,1,101,,,,,,,,,0,,,,,,,,,27,80,0,61,1,8,0
wtbLast,1.6709750566893458,1,101,,,,,,,,,0,,,,,,,,,28,64,0,61,1,8,0
wtbLast,1.6709977324263072,1,101,,,,,,,,,0,,,,,,,,,29,48,0,61,1,8,0
wtbLast,1.6709977324263072,1,101,,,,,,,,,0,,,,,,,,,30,32,0,61,1,8,0
wtbLast,1.6710204081632687,1,101,,,,,,,,,0,,,,,,,,,31,16,3,61,1,8,0
enBit,1.6710204081632687,1,101,,,,,,,,,1,,,,,,,,,31,16,3,61,1,8,31
enBit,1.671088435374153,1,101,,,,,,,,,0,,,,,,,,,31,16,3,61,1,8,0
enBit,1.6714965986394594,1,101,,,,,,,,,1,,,,,,,,,31,16,3,61,1,8,31
enBit,1.6715419501133824,1,101,,,,,,,,,0,,,,,,,,,31,16,3,61,1,8,0
enBit,1.6719501133786887,1,101,,,,,,,,,1,,,,,,,,,31,16,3,61,1,8,31
vCtrl,1.6815192743764211,1,101,,,,,,,,,1,,,,,,,,,31,16,3,61,1,9,31
vCtrl,1.6982086167800494,1,102,,,,,,,,,1,,,,,,,,,31,16,3,61,1,10,31
vCtrl,1.7149659863945619,1,103,,,,,,,,,1,,,,,,,,,31,16,3,61,1,11,31
vCtrl,1.7316099773242672,1,104,,,,,,,,,1,,,,,,,,,31,16,3,61,1,10,31
vCtrl,1.7482993197278953,1,105,,,,,,,,,1,,,,,,,,,31,16,3,61,1,9,31
vCtrl,1.7656235827664442,1,106,,,,,,,,,1,,,,,,,,,31,16,3,61,1,8,31
vCtrl,1.7817233560090746,1,107,,,,,,,,,1,,,,,,,,,31,16,3,61,1,7,31
vCtrl,1.7990929705215466,1,108,,,,,,,,,1,,,,,,,,,31,16,3,61,1,6,31
vCtrl,1.815782312925175,1,109,,,,,,,,,1,,,,,,,,,31,16,3,61,1,5,31
vCtrl,1.8320634920634968,1,110,,,,,,,,,1,,,,,,,,,31,16,3,61,1,4,31
vCtrl,1.848752834467125,1,111,,,,,,,,,1,,,,,,,,,31,16,3,61,1,3,31
vCtrl,2.232471655328809,1,134,,,,,,,,,1,,,,,,,,,31,16,3,61,1,2,31
vCtrl,2.2491609977324374,1,135,,,,,,,,,1,,,,,,,,,31,16,3,61,1,1,31
f1Ctrl,2.267210884353753,1,137,,,,,,,,,1,,,,,,,,,31,16,3,169,1,1,31
vCtrl,2.2676417233560207,1,137,,,,,,,,,1,,,,,,,,,31,16,3,169,1,8,31
vCtrl,2.282562358276656,1,137,,,,,,,,,1,,,,,,,,,31,16,3,169,1,9,31
vCtrl,2.2994104308390146,1,138,,,,,,,,,1,,,,,,,,,31,16,3,169,1,10,31
vCtrl,2.3161678004535275,1,139,,,,,,,,,1,,,,,,,,,31,16,3,169,1,11,31
vCtrl,2.3327210884353873,1,140,,,,,,,,,1,,,,,,,,,31,16,3,169,1,10,31
vCtrl,2.349410430839016,1,141,,,,,,,,,1,,,,,,,,,31,16,3,169,1,9,31
vCtrl,2.3666893424036424,1,143,,,,,,,,,1,,,,,,,,,31,16,3,169,1,8,31
vCtrl,2.382766439909312,1,143,,,,,,,,,1,,,,,,,,,31,16,3,169,1,7,31
vCtrl,2.3994557823129403,1,144,,,,,,,,,1,,,,,,,,,31,16,3,169,1,6,31
vCtrl,2.416145124716569,1,145,,,,,,,,,1,,,,,,,,,31,16,3,169,1,5,31
vCtrl,2.432811791383236,1,146,,,,,,,,,1,,,,,,,,,31,16,3,169,1,4,31
vCtrl,2.449523809523826,1,147,,,,,,,,,1,,,,,,,,,31,16,3,169,1,3,31
vCtrl,2.8332426303855147,1,170,,,,,,,,,1,,,,,,,,,31,16,3,169,1,2,31
vCtrl,2.8499319727891432,1,171,,,,,,,,,1,,,,,,,,,31,16,3,169,1,1,31
f1Ctrl,2.8679818594104587,1,173,,,,,,,,,1,,,,,,,,,31,16,3,61,1,1,31
vCtrl,2.868435374149688,1,173,,,,,,,,,1,,,,,,,,,31,16,3,61,1,8,31
vCtrl,2.8833333333333617,1,174,,,,,,,,,1,,,,,,,,,31,16,3,61,1,9,31
vCtrl,2.9000453514739517,1,175,,,,,,,,,1,,,,,,,,,31,16,3,61,1,10,31
vCtrl,2.9168027210884646,1,176,,,,,,,,,1,,,,,,,,,31,16,3,61,1,11,31
vCtrl,2.93344671201817,1,177,,,,,,,,,1,,,,,,,,,31,16,3,61,1,10,31
vCtrl,2.9501360544217987,1,178,,,,,,,,,1,,,,,,,,,31,16,3,61,1,9,31
vCtrl,2.967551020408194,1,179,,,,,,,,,1,,,,,,,,,31,16,3,61,1,8,31
vCtrl,2.9836281179138635,1,180,,,,,,,,,1,,,,,,,,,31,16,3,61,1,7,31
vCtrl,3.000226757369646,1,181,,,,,,,,,1,,,,,,,,,31,16,3,61,1,6,31
vCtrl,3.016938775510236,1,182,,,,,,,,,1,,,,,,,,,31,16,3,61,1,5,31
vCtrl,3.033605442176903,1,183,,,,,,,,,1,,,,,,,,,31,16,3,61,1,4,31
vCtrl,3.0502947845805317,1,184,,,,,,,,,1,,,,,,,,,31,16,3,61,1,3,31
vCtrl,3.4340136054422206,1,207,,,,,,,,,1,,,,,,,,,31,16,3,61,1,2,31
vCtrl,3.450702947845849,1,208,,,,,,,,,1,,,,,,,,,31,16,3,61,1,1,31
f1Ctrl,3.4692063492063934,1,209,,,,,,,,,1,,,,,,,,,31,16,3,237,1,1,31
f2Ctrl,3.4692743764172778,1,209,,,,,,,,,1,,,,,,,,,31,16,3,237,0,1,31
vCtrl,3.4696598639456226,1,209,,,,,,,,,1,,,,,,,,,31,16,3,237,0,8,31
vCtrl,3.4848979591837184,1,210,,,,,,,,,1,,,,,,,,,31,16,3,237,0,9,31
vCtrl,3.5011111111111566,1,211,,,,,,,,,1,,,,,,,,,31,16,3,237,0,10,31
vCtrl,3.5178684807256695,1,212,,,,,,,,,1,,,,,,,,,31,16,3,237,0,11,31
vCtrl,3.534512471655375,1,213,,,,,,,,,1,,,,,,,,,31,16,3,237,0,10,31
vCtrl,3.551269841269888,1,214,,,,,,,,,1,,,,,,,,,31,16,3,237,0,9,31
vCtrl,3.568526077097553,1,215,,,,,,,,,1,,,,,,,,,31,16,3,237,0,8,31
vCtrl,3.5846031746032225,1,216,,,,,,,,,1,,,,,,,,,31,16,3,237,0,7,31
vCtrl,3.6014739229025428,1,217,,,,,,,,,1,,,,,,,,,31,16,3,237,0,6,31
vCtrl,3.618208616780094,1,218,,,,,,,,,1,,,,,,,,,31,16,3,237,0,5,31
vCtrl,3.634761904761954,1,219,,,,,,,,,1,,,,,,,,,31,16,3,237,0,4,31
vCtrl,3.6514512471655824,1,220,,,,,,,,,1,,,,,,,,,31,16,3,237,0,3,31
vCtrl,4.03476190476196,1,243,,,,,,,,,1,,,,,,,,,31,16,3,237,0,2,31
vCtrl,4.051473922902549,1,244,,,,,,,,,1,,,,,,,,,31,16,3,237,0,1,31
f1Ctrl,4.069591836734748,1,245,,,,,,,,,1,,,,,,,,,31,16,3,179,0,1,31
vCtrl,4.070000000000054,1,245,,,,,,,,,1,,,,,,,,,31,16,3,179,0,8,31
vCtrl,4.084943310657649,1,246,,,,,,,,,1,,,,,,,,,31,16,3,179,0,9,31
vCtrl,4.101564625850392,1,247,,,,,,,,,1,,,,,,,,,31,16,3,179,0,10,31
vCtrl,4.118321995464903,1,248,,,,,,,,,1,,,,,,,,,31,16,3,179,0,11,31
vCtrl,4.135555555555605,1,249,,,,,,,,,1,,,,,,,,,31,16,3,179,0,10,31
vCtrl,4.151678004535196,1,250,,,,,,,,,1,,,,,,,,,31,16,3,179,0,9,31
vCtrl,4.1690022675737435,1,251,,,,,,,,,1,,,,,,,,,31,16,3,179,0,8,31
vCtrl,4.185079365079411,1,252,,,,,,,,,1,,,,,,,,,31,16,3,179,0,7,31
vCtrl,4.201768707483039,1,253,,,,,,,,,1,,,,,,,,,31,16,3,179,0,6,31
vCtrl,4.21852607709755,1,254,,,,,,,,,1,,,,,,,,,31,16,3,179,0,5,31
vCtrl,4.235124716553332,1,255,,,,,,,,,1,,,,,,,,,31,16,3,179,0,4,31
vCtrl,4.252222222222265,1,256,,,,,,,,,1,,,,,,,,,31,16,3,179,0,3,31
vCtrl,4.635147392290291,1,279,,,,,,,,,1,,,,,,,,,31,16,3,179,0,2,31
vCtrl,4.651836734693918,1,280,,,,,,,,,1,,,,,,,,,31,16,3,179,0,1,31
f1Ctrl,4.670544217687114,1,281,,,,,,,,,1,,,,,,,,,31,16,3,133,0,1,31
vCtrl,4.67095238095242,1,281,,,,,,,,,1,,,,,,,,,31,16,3,133,0,8,31
vCtrl,4.685260770975095,1,282,,,,,,,,,1,,,,,,,,,31,16,3,133,0,9,31
vCtrl,4.7019501133787225,1,283,,,,,,,,,1,,,,,,,,,31,16,3,133,0,10,31
vCtrl,4.718707482993234,1,284,,,,,,,,,1,,,,,,,,,31,16,3,133,0,11,31
vCtrl,4.735351473922938,1,285,,,,,,,,,1,,,,,,,,,31,16,3,133,0,10,31
vCtrl,4.7520408163265655,1,286,,,,,,,,,1,,,,,,,,,31,16,3,133,0,9,31
vCtrl,4.7697732426304205,1,287,,,,,,,,,1,,,,,,,,,31,16,3,133,0,8,31
vCtrl,4.785442176870783,1,288,,,,,,,,,1,,,,,,,,,31,16,3,133,0,7,31
vCtrl,4.80213151927441,1,289,,,,,,,,,1,,,,,,,,,31,16,3,133,0,6,31
vCtrl,4.818866213151961,1,290,,,,,,,,,1,,,,,,,,,31,16,3,133,0,5,31
vCtrl,5.836666666666697,1,351,,,,,,,,,1,,,,,,,,,31,16,3,133,0,4,31
vCtrl,5.853333333333363,1,352,,,,,,,,,1,,,,,,,,,31,16,3,133,0,3,31
f1Ctrl,5.87002267573699,1,353,,,,,,,,,1,,,,,,,,,31,16,3,0,0,3,31
vCtrl,5.870453514739258,1,353,,,,,,,,,1,,,,,,,,,31,16,3,0,0,0,31
enBit,5.8706575963719105,1,353,,,,,,,,,0,,,,,,,,,31,16,3,0,0,0,0

f1Ctrl,0.00020408163265306107,2,0,,,,,,,,,0,,,,,,,,,0,0,0,224,0,0,0
f2Ctrl,0.0002494331065759636,2,0,,,,,,,,,0,,,,,,,,,0,0,0,224,5,0,0
vCtrl,0.0006802721088435379,2,0,,,,,,,,,0,,,,,,,,,0,0,0,224,5,10,0
enBit,0.0008616780045351481,2,0,,,,,,,,,1,,,,,,,,,0,0,0,224,5,10,31
enBit,0.000929705215419502,2,0,,,,,,,,,0,,,,,,,,,0,0,0,224,5,10,0
enBit,0.001337868480725625,2,0,,,,,,,,,1,,,,,,,,,0,0,0,224,5,10,31
enBit,0.0013832199546485275,2,0,,,,,,,,,0,,,,,,,,,0,0,0,224,5,10,0
enBit,0.0017913832199546505,2,0,,,,,,,,,1,,,,,,,,,0,0,0,224,5,10,31
enBit,0.0018594104308390044,2,0,,,,,,,,,0,,,,,,,,,0,0,0,224,5,10,0
wtbNew,0.0018594104308390044,2,0,,,,,,,,,0,,,,,,,,,0,0,0,224,5,10,0
wtbLast,0.0018594104308390044,2,0,,,,,,,,,0,,,,,,,,,1,64,0,224,5,10,0
wtbLast,0.0018820861678004557,2,0,,,,,,,,,0,,,,,,,,,2,127,0,224,5,10,0
wtbLast,0.001904761904761907,2,0,,,,,,,,,0,,,,,,,,,3,64,0,224,5,10,0
wtbLast,0.001904761904761907,2,0,,,,,,,,,0,,,,,,,,,4,1,0,224,5,10,0
wtbLast,0.0019274376417233582,2,0,,,,,,,,,0,,,,,,,,,5,192,0,224,5,10,0
wtbLast,0.0019274376417233582,2,0,,,,,,,,,0,,,,,,,,,6,129,0,224,5,10,0
wtbLast,0.0019501133786848095,2,0,,,,,,,,,0,,,,,,,,,7,192,0,224,5,10,0
wtbLast,0.0019501133786848095,2,0,,,,,,,,,0,,,,,,,,,8,1,0,224,5,10,0
wtbLast,0.0019727891156462608,2,0,,,,,,,,,0,,,,,,,,,9,64,0,224,5,10,0
wtbLast,0.0019727891156462608,2,0,,,,,,,,,0,,,,,,,,,10,127,0,224,5,10,0
wtbLast,0.001995464852607712,2,0,,,,,,,,,0,,,,,,,,,11,64,0,224,5,10,0
wtbLast,0.001995464852607712,2,0,,,,,,,,,0,,,,,,,,,12,1,0,224,5,10,0
wtbLast,0.0020181405895691633,2,0,,,,,,,,,0,,,,,,,,,13,192,0,224,5,10,0
wtbLast,0.0020181405895691633,2,0,,,,,,,,,0,,,,,,,,,14,1,0,224,5,10,0
wtbLast,0.0020408163265306146,2,0,,,,,,,,,0,,,,,,,,,15,64,0,224,5,10,0
wtbLast,0.002063492063492066,2,0,,,,,,,,,0,,,,,,,,,16,1,0,224,5,10,0
wtbLast,0.002063492063492066,2,0,,,,,,,,,0,,,,,,,,,17,224,0,224,5,10,0
wtbLast,0.002086167800453517,2,0,,,,,,,,,0,,,,,,,,,18,1,0,224,5,10,0
wtbLast,0.002086167800453517,2,0,,,,,,,,,0,,,,,,,,,19,32,0,224,5,10,0
wtbLast,0.0021088435374149684,2,0,,,,,,,,,0,,,,,,,,,20,1,0,224,5,10,0
wtbLast,0.0021088435374149684,2,0,,,,,,,,,0,,,,,,,,,21,240,0,224,5,10,0
wtbLast,0.0021315192743764197,2,0,,,,,,,,,0,,,,,,,,,22,1,0,224,5,10,0
wtbLast,0.0021315192743764197,2,0,,,,,,,,,0,,,,,,,,,23,16,0,224,5,10,0
wtbLast,0.002154195011337871,2,0,,,,,,,,,0,,,,,,,,,24,1,0,224,5,10,0
wtbLast,0.002154195011337871,2,0,,,,,,,,,0,,,,,,,,,25,255,0,224,5,10,0
wtbLast,0.0021768707482993223,2,0,,,,,,,,,0,,,,,,,,,26,255,0,224,5,10,0
wtbLast,0.0021995464852607735,2,0,,,,,,,,,0,,,,,,,,,27,255,0,224,5,10,0
wtbLast,0.0021995464852607735,2,0,,,,,,,,,0,,,,,,,,,28,255,0,224,5,10,0
wtbLast,0.002222222222222225,2,0,,,,,,,,,0,,,,,,,,,29,64,0,224,5,10,0
wtbLast,0.002222222222222225,2,0,,,,,,,,,0,,,,,,,,,30,64,0,224,5,10,0
wtbLast,0.002244897959183676,2,0,,,,,,,,,0,,,,,,,,,31,64,1,224,5,10,0
enBit,0.002244897959183676,2,0,,,,,,,,,1,,,,,,,,,31,64,1,224,5,10,31
enBit,0.0022902494331065787,2,0,,,,,,,,,0,,,,,,,,,31,64,1,224,5,10,0
enBit,0.0026984126984127017,2,0,,,,,,,,,1,,,,,,,,,31,64,1,224,5,10,31
f1Ctrl,0.16233560090702948,2,10,,,,,,,,,1,,,,,,,,,31,64,1,64,5,10,31
f1Ctrl,0.6648072562358278,2,40,,,,,,,,,1,,,,,,,,,31,64,1,224,5,10,31
f1Ctrl,0.82984126984127,2,50,,,,,,,,,1,,,,,,,,,31,64,1,64,5,10,31
vCtrl,0.9981179138321999,2,60,,,,,,,,,1,,,,,,,,,31,64,1,64,5,9,31
vCtrl,1.163968253968255,2,70,,,,,,,,,1,,,,,,,,,31,64,1,64,5,8,31
vCtrl,1.3331292517006819,2,80,,,,,,,,,1,,,,,,,,,31,64,1,64,5,7,31
vCtrl,1.497732426303857,2,90,,,,,,,,,1,,,,,,,,,31,64,1,64,5,6,31
f1Ctrl,1.6694784580498891,2,101,,,,,,,,,1,,,,,,,,,31,64,1,236,5,6,31
f2Ctrl,1.6695464852607735,2,101,,,,,,,,,1,,,,,,,,,31,64,1,236,0,6,31
vCtrl,1.6699319727891184,2,101,,,,,,,,,1,,,,,,,,,31,64,1,236,0,8,31
enBit,1.670158730158733,2,101,,,,,,,,,0,,,,,,,,,31,64,1,236,0,8,0
enBit,1.6705668934240394,2,101,,,,,,,,,1,,,,,,,,,31,64,1,236,0,8,31
enBit,1.6706122448979623,2,101,,,,,,,,,0,,,,,,,,,31,64,1,236,0,8,0
enBit,1.6710204081632687,2,101,,,,,,,,,1,,,,,,,,,31,64,1,236,0,8,31
enBit,1.671088435374153,2,101,,,,,,,,,0,,,,,,,,,31,64,1,236,0,8,0
wtbNew,1.671088435374153,2,101,,,,,,,,,0,,,,,,,,,0,0,1,236,0,8,0
wtbLast,1.6711111111111145,2,101,,,,,,,,,0,,,,,,,,,1,240,1,236,0,8,0
wtbLast,1.6711111111111145,2,101,,,,,,,,,0,,,,,,,,,2,224,1,236,0,8,0
wtbLast,1.671133786848076,2,101,,,,,,,,,0,,,,,,,,,3,208,1,236,0,8,0
wtbLast,1.671133786848076,2,101,,,,,,,,,0,,,,,,,,,4,192,1,236,0,8,0
wtbLast,1.6711564625850375,2,101,,,,,,,,,0,,,,,,,,,5,176,1,236,0,8,0
wtbLast,1.6711564625850375,2,101,,,,,,,,,0,,,,,,,,,6,160,1,236,0,8,0
wtbLast,1.671179138321999,2,101,,,,,,,,,0,,,,,,,,,7,144,1,236,0,8,0
wtbLast,1.671179138321999,2,101,,,,,,,,,0,,,,,,,,,8,128,1,236,0,8,0
wtbLast,1.6712018140589604,2,101,,,,,,,,,0,,,,,,,,,9,128,1,236,0,8,0
wtbLast,1.6712018140589604,2,101,,,,,,,,,0,,,,,,,,,10,128,1,236,0,8,0
wtbLast,1.6712244897959219,2,101,,,,,,,,,0,,,,,,,,,11,128,1,236,0,8,0
wtbLast,1.6712471655328833,2,101,,,,,,,,,0,,,,,,,,,12,128,1,236,0,8,0
wtbLast,1.6712471655328833,2,101,,,,,,,,,0,,,,,,,,,13,128,1,236,0,8,0
wtbLast,1.6712698412698448,2,101,,,,,,,,,0,,,,,,,,,14,128,1,236,0,8,0
wtbLast,1.6712698412698448,2,101,,,,,,,,,0,,,,,,,,,15,128,1,236,0,8,0
wtbLast,1.6712925170068063,2,101,,,,,,,,,0,,,,,,,,,16,128,1,236,0,8,0
wtbLast,1.6712925170068063,2,101,,,,,,,,,0,,,,,,,,,17,128,1,236,0,8,0
wtbLast,1.6713151927437677,2,101,,,,,,,,,0,,,,,,,,,18,128,1,236,0,8,0
wtbLast,1.6713151927437677,2,101,,,,,,,,,0,,,,,,,,,19,128,1,236,0,8,0
wtbLast,1.6713378684807292,2,101,,,,,,,,,0,,,,,,,,,20,128,1,236,0,8,0
wtbLast,1.6713378684807292,2,101,,,,,,,,,0,,,,,,,,,21,128,1,236,0,8,0
wtbLast,1.6713605442176906,2,101,,,,,,,,,0,,,,,,,,,22,128,1,236,0,8,0
wtbLast,1.671383219954652,2,101,,,,,,,,,0,,,,,,,,,23,128,1,236,0,8,0
wtbLast,1.671383219954652,2,101,,,,,,,,,0,,,,,,,,,24,127,1,236,0,8,0
wtbLast,1.6714058956916136,2,101,,,,,,,,,0,,,,,,,,,25,112,1,236,0,8,0
wtbLast,1.6714058956916136,2,101,,,,,,,,,0,,,,,,,,,26,96,1,236,0,8,0
wtbLast,1.671428571428575,2,101,,,,,,,,,0,,,,,,,,,27,80,1,236,0,8,0
wtbLast,1.671428571428575,2,101,,,,,,,,,0,,,,,,,,,28,64,1,236,0,8,0
wtbLast,1.6714512471655365,2,101,,,,,,,,,0,,,,,,,,,29,48,1,236,0,8,0
wtbLast,1.6714512471655365,2,101,,,,,,,,,0,,,,,,,,,30,32,1,236,0,8,0
wtbLast,1.671473922902498,2,101,,,,,,,,,0,,,,,,,,,31,16,3,236,0,8,0
enBit,1.6714965986394594,2,101,,,,,,,,,1,,,,,,,,,31,16,3,236,0,8,31
enBit,1.6715419501133824,2,101,,,,,,,,,0,,,,,,,,,31,16,3,236,0,8,0
enBit,1.6719501133786887,2,101,,,,,,,,,1,,,,,,,,,31,16,3,236,0,8,31
vCtrl,1.681564625850344,2,101,,,,,,,,,1,,,,,,,,,31,16,3,236,0,9,31
vCtrl,1.6982539682539723,2,102,,,,,,,,,1,,,,,,,,,31,16,3,236,0,8,31
vCtrl,1.7150340136054463,2,103,,,,,,,,,1,,,,,,,,,31,16,3,236,0,7,31
vCtrl,1.7316780045351516,2,104,,,,,,,,,1,,,,,,,,,31,16,3,236,0,6,31
vCtrl,1.7483673469387797,2,105,,,,,,,,,1,,,,,,,,,31,16,3,236,0,5,31
vCtrl,1.7656916099773285,2,106,,,,,,,,,1,,,,,,,,,31,16,3,236,0,4,31
vCtrl,1.7817687074829975,2,107,,,,,,,,,1,,,,,,,,,31,16,3,236,0,3,31
vCtrl,1.7991383219954695,2,108,,,,,,,,,1,,,,,,,,,31,16,3,236,0,2,31
vCtrl,1.8158503401360593,2,109,,,,,,,,,1,,,,,,,,,31,16,3,236,0,1,31
vCtrl,1.8321088435374198,2,110,,,,,,,,,1,,,,,,,,,31,16,3,236,0,0,31
vCtrl,1.8665759637188257,2,112,,,,,,,,,1,,,,,,,,,31,16,3,236,0,8,31
vCtrl,1.8821088435374198,2,113,,,,,,,,,1,,,,,,,,,31,16,3,236,0,9,31
vCtrl,1.898752834467125,2,114,,,,,,,,,1,,,,,,,,,31,16,3,236,0,8,31
vCtrl,1.915442176870753,2,115,,,,,,,,,1,,,,,,,,,31,16,3,236,0,7,31
vCtrl,1.9321088435374199,2,116,,,,,,,,,1,,,,,,,,,31,16,3,236,0,6,31
vCtrl,1.948798185941048,2,117,,,,,,,,,1,,,,,,,,,31,16,3,236,0,5,31
vCtrl,1.9662585034013655,2,118,,,,,,,,,1,,,,,,,,,31,16,3,236,0,4,31
vCtrl,1.9823356009070343,2,119,,,,,,,,,1,,,,,,,,,31,16,3,236,0,3,31
vCtrl,1.9988888888888934,2,120,,,,,,,,,1,,,,,,,,,31,16,3,236,0,2,31
vCtrl,2.015600907029483,2,121,,,,,,,,,1,,,,,,,,,31,16,3,236,0,1,31
vCtrl,2.4328798185941203,2,146,,,,,,,,,1,,,,,,,,,31,16,3,236,0,0,31
f1Ctrl,2.4670068027211056,2,149,,,,,,,,,1,,,,,,,,,31,16,3,60,0,0,31
f2Ctrl,2.46707482993199,2,149,,,,,,,,,1,,,,,,,,,31,16,3,60,1,0,31
vCtrl,2.467369614512489,2,149,,,,,,,,,1,,,,,,,,,31,16,3,60,1,8,31
vCtrl,2.482925170068045,2,149,,,,,,,,,1,,,,,,,,,31,16,3,60,1,9,31
vCtrl,2.4995238095238275,2,150,,,,,,,,,1,,,,,,,,,31,16,3,60,1,8,31
vCtrl,2.5162358276644174,2,151,,,,,,,,,1,,,,,,,,,31,16,3,60,1,7,31
vCtrl,2.532879818594123,2,152,,,,,,,,,1,,,,,,,,,31,16,3,60,1,6,31
vCtrl,2.5495691609977515,2,153,,,,,,,,,1,,,,,,,,,31,16,3,60,1,5,31
vCtrl,2.566893424036301,2,155,,,,,,,,,1,,,,,,,,,31,16,3,60,1,4,31
vCtrl,2.5829705215419705,2,155,,,,,,,,,1,,,,,,,,,31,16,3,60,1,3,31
vCtrl,2.599659863945599,2,156,,,,,,,,,1,,,,,,,,,31,16,3,60,1,2,31
vCtrl,2.616371882086189,2,157,,,,,,,,,1,,,,,,,,,31,16,3,60,1,1,31
vCtrl,3.033650793650826,2,183,,,,,,,,,1,,,,,,,,,31,16,3,60,1,0,31
f1Ctrl,3.067709750566927,2,185,,,,,,,,,1,,,,,,,,,31,16,3,236,1,0,31
f2Ctrl,3.06775510204085,2,185,,,,,,,,,1,,,,,,,,,31,16,3,236,0,0,31
vCtrl,3.068049886621349,2,185,,,,,,,,,1,,,,,,,,,31,16,3,236,0,8,31
vCtrl,3.083605442176905,2,186,,,,,,,,,1,,,,,,,,,31,16,3,236,0,9,31
vCtrl,3.1002947845805333,2,187,,,,,,,,,1,,,,,,,,,31,16,3,236,0,8,31
vCtrl,3.1170068027211233,2,188,,,,,,,,,1,,,,,,,,,31,16,3,236,0,7,31
vCtrl,3.1337414965986747,2,189,,,,,,,,,1,,,,,,,,,31,16,3,236,0,6,31
vCtrl,3.1504308390023033,2,190,,,,,,,,,1,,,,,,,,,31,16,3,236,0,5,31
vCtrl,3.167664399093007,2,191,,,,,,,,,1,,,,,,,,,31,16,3,236,0,4,31
vCtrl,3.1837414965986763,2,192,,,,,,,,,1,,,,,,,,,31,16,3,236,0,3,31
vCtrl,3.200430839002305,2,193,,,,,,,,,1,,,,,,,,,31,16,3,236,0,2,31
vCtrl,3.217142857142895,2,194,,,,,,,,,1,,,,,,,,,31,16,3,236,0,1,31
vCtrl,3.634807256235877,2,219,,,,,,,,,1,,,,,,,,,31,16,3,236,0,0,31
f1Ctrl,3.6688888888889393,2,221,,,,,,,,,1,,,,,,,,,31,16,3,178,0,0,31
vCtrl,3.6692063492063998,2,221,,,,,,,,,1,,,,,,,,,31,16,3,178,0,8,31
vCtrl,3.68482993197284,2,222,,,,,,,,,1,,,,,,,,,31,16,3,178,0,9,31
vCtrl,3.701451247165584,2,223,,,,,,,,,1,,,,,,,,,31,16,3,178,0,8,31
vCtrl,3.7181405895692126,2,224,,,,,,,,,1,,,,,,,,,31,16,3,178,0,7,31
vCtrl,3.735192743764224,2,225,,,,,,,,,1,,,,,,,,,31,16,3,178,0,6,31
vCtrl,3.7514965986395077,2,226,,,,,,,,,1,,,,,,,,,31,16,3,178,0,5,31
vCtrl,3.768820861678057,2,227,,,,,,,,,1,,,,,,,,,31,16,3,178,0,4,31
vCtrl,3.7850113378685335,2,228,,,,,,,,,1,,,,,,,,,31,16,3,178,0,3,31
vCtrl,3.80120181405901,2,229,,,,,,,,,1,,,,,,,,,31,16,3,178,0,2,31
vCtrl,3.8179591836735227,2,230,,,,,,,,,1,,,,,,,,,31,16,3,178,0,1,31
vCtrl,4.235192743764216,2,255,,,,,,,,,1,,,,,,,,,31,16,3,178,0,0,31
f1Ctrl,4.269206349206391,2,257,,,,,,,,,1,,,,,,,,,31,16,3,132,0,0,31
vCtrl,4.269523809523852,2,257,,,,,,,,,1,,,,,,,,,31,16,3,132,0,8,31
vCtrl,4.284784580498909,2,258,,,,,,,,,1,,,,,,,,,31,16,3,132,0,9,31
vCtrl,4.301473922902536,2,259,,,,,,,,,1,,,,,,,,,31,16,3,132,0,8,31
vCtrl,4.318163265306165,2,260,,,,,,,,,1,,,,,,,,,31,16,3,132,0,7,31
vCtrl,4.334829931972831,2,261,,,,,,,,,1,,,,,,,,,31,16,3,132,0,6,31
vCtrl,4.351519274376459,2,262,,,,,,,,,1,,,,,,,,,31,16,3,132,0,5,31
vCtrl,4.369092970521583,2,263,,,,,,,,,1,,,,,,,,,31,16,3,132,0,4,31
vCtrl,4.384920634920676,2,264,,,,,,,,,1,,,,,,,,,31,16,3,132,0,3,31
vCtrl,4.401609977324304,2,265,,,,,,,,,1,,,,,,,,,31,16,3,132,0,2,31
vCtrl,4.418299319727932,2,266,,,,,,,,,1,,,,,,,,,31,16,3,132,0,1,31
vCtrl,4.835442176870782,2,291,,,,,,,,,1,,,,,,,,,31,16,3,132,0,0,31
f1Ctrl,4.8690022675737294,2,293,,,,,,,,,1,,,,,,,,,31,16,3,100,0,0,31
vCtrl,4.869297052154228,2,293,,,,,,,,,1,,,,,,,,,31,16,3,100,0,8,31
vCtrl,4.8854195011338195,2,294,,,,,,,,,1,,,,,,,,,31,16,3,100,0,9,31
vCtrl,4.902108843537447,2,295,,,,,,,,,1,,,,,,,,,31,16,3,100,0,8,31
vCtrl,4.918798185941075,2,296,,,,,,,,,1,,,,,,,,,31,16,3,100,0,7,31
vCtrl,4.935487528344702,2,297,,,,,,,,,1,,,,,,,,,31,16,3,100,0,6,31
vCtrl,4.95217687074833,2,298,,,,,,,,,1,,,,,,,,,31,16,3,100,0,5,31
vCtrl,4.968866213151958,2,299,,,,,,,,,1,,,,,,,,,31,16,3,100,0,4,31
vCtrl,4.985555555555585,2,300,,,,,,,,,1,,,,,,,,,31,16,3,100,0,3,31
vCtrl,5.769886621315223,2,347,,,,,,,,,1,,,,,,,,,31,16,3,100,0,2,31
vCtrl,5.786575963718851,2,348,,,,,,,,,1,,,,,,,,,31,16,3,100,0,1,31
vCtrl,5.803310657596403,2,349,,,,,,,,,1,,,,,,,,,31,16,3,100,0,0,31
f1Ctrl,5.870113378684836,2,353,,,,,,,,,1,,,,,,,,,31,16,3,0,0,0,31
enBit,5.8706575963719105,2,353,,,,,,,,,0,,,,,,,,,31,16,3,0,0,0,0

f1Ctrl,0.00031746031746031746,3,0,,,,,,,,,0,,,,,,,,,0,0,0,81,0,0,0
f2Ctrl,0.0003854875283446713,3,0,,,,,,,,,0,,,,,,,,,0,0,0,81,1,0,0
vCtrl,0.0007256235827664405,3,0,,,,,,,,,0,,,,,,,,,0,0,0,81,1,7,0
enBit,0.0008616780045351481,3,0,,,,,,,,,1,,,,,,,,,0,0,0,81,1,7,31
enBit,0.000929705215419502,3,0,,,,,,,,,0,,,,,,,,,0,0,0,81,1,7,0
enBit,0.001337868480725625,3,0,,,,,,,,,1,,,,,,,,,0,0,0,81,1,7,31
enBit,0.0013832199546485275,3,0,,,,,,,,,0,,,,,,,,,0,0,0,81,1,7,0
enBit,0.0017913832199546505,3,0,,,,,,,,,1,,,,,,,,,0,0,0,81,1,7,31
enBit,0.0018594104308390044,3,0,,,,,,,,,0,,,,,,,,,0,0,0,81,1,7,0
enBit,0.002244897959183676,3,0,,,,,,,,,1,,,,,,,,,0,0,0,81,1,7,31
enBit,0.0022902494331065787,3,0,,,,,,,,,0,,,,,,,,,0,0,0,81,1,7,0
wtbNew,0.00231292517006803,3,0,,,,,,,,,0,,,,,,,,,0,0,0,81,1,7,0
wtbLast,0.00231292517006803,3,0,,,,,,,,,0,,,,,,,,,1,64,0,81,1,7,0
wtbLast,0.002335600907029481,3,0,,,,,,,,,0,,,,,,,,,2,127,0,81,1,7,0
wtbLast,0.002335600907029481,3,0,,,,,,,,,0,,,,,,,,,3,64,0,81,1,7,0
wtbLast,0.0023582766439909325,3,0,,,,,,,,,0,,,,,,,,,4,1,0,81,1,7,0
wtbLast,0.0023809523809523838,3,0,,,,,,,,,0,,,,,,,,,5,16,0,81,1,7,0
wtbLast,0.0023809523809523838,3,0,,,,,,,,,0,,,,,,,,,6,32,0,81,1,7,0
wtbLast,0.002403628117913835,3,0,,,,,,,,,0,,,,,,,,,7,45,0,81,1,7,0
wtbLast,0.002403628117913835,3,0,,,,,,,,,0,,,,,,,,,8,55,0,81,1,7,0
wtbLast,0.0024263038548752863,3,0,,,,,,,,,0,,,,,,,,,9,68,0,81,1,7,0
wtbLast,0.0024263038548752863,3,0,,,,,,,,,0,,,,,,,,,10,78,0,81,1,7,0
wtbLast,0.0024489795918367376,3,0,,,,,,,,,0,,,,,,,,,11,89,0,81,1,7,0
wtbLast,0.0024489795918367376,3,0,,,,,,,,,0,,,,,,,,,12,99,0,81,1,7,0
wtbLast,0.002471655328798189,3,0,,,,,,,,,0,,,,,,,,,13,108,0,81,1,7,0
wtbLast,0.002471655328798189,3,0,,,,,,,,,0,,,,,,,,,14,115,0,81,1,7,0
wtbLast,0.00249433106575964,3,0,,,,,,,,,0,,,,,,,,,15,120,0,81,1,7,0
wtbLast,0.0025170068027210914,3,0,,,,,,,,,0,,,,,,,,,16,124,0,81,1,7,0
wtbLast,0.0025170068027210914,3,0,,,,,,,,,0,,,,,,,,,17,127,0,81,1,7,0
wtbLast,0.0025396825396825427,3,0,,,,,,,,,0,,,,,,,,,18,124,0,81,1,7,0
wtbLast,0.0025396825396825427,3,0,,,,,,,,,0,,,,,,,,,19,120,0,81,1,7,0
wtbLast,0.002562358276643994,3,0,,,,,,,,,0,,,,,,,,,20,115,0,81,1,7,0
wtbLast,0.002562358276643994,3,0,,,,,,,,,0,,,,,,,,,21,108,0,81,1,7,0
wtbLast,0.0025850340136054453,3,0,,,,,,,,,0,,,,,,,,,22,89,0,81,1,7,0
wtbLast,0.0025850340136054453,3,0,,,,,,,,,0,,,,,,,,,23,78,0,81,1,7,0
wtbLast,0.0026077097505668966,3,0,,,,,,,,,0,,,,,,,,,24,68,0,81,1,7,0
wtbLast,0.0026077097505668966,3,0,,,,,,,,,0,,,,,,,,,25,55,0,81,1,7,0
wtbLast,0.002630385487528348,3,0,,,,,,,,,0,,,,,,,,,26,45,0,81,1,7,0
wtbLast,0.002630385487528348,3,0,,,,,,,,,0,,,,,,,,,27,32,0,81,1,7,0
wtbLast,0.002653061224489799,3,0,,,,,,,,,0,,,,,,,,,28,16,0,81,1,7,0
wtbLast,0.0026757369614512504,3,0,,,,,,,,,0,,,,,,,,,29,3,0,81,1,7,0
wtbLast,0.0026757369614512504,3,0,,,,,,,,,0,,,,,,,,,30,2,0,81,1,7,0
wtbLast,0.0026984126984127017,3,0,,,,,,,,,0,,,,,,,,,31,1,2,81,1,7,0
enBit,0.0026984126984127017,3,0,,,,,,,,,1,,,,,,,,,31,1,2,81,1,7,31
f1Ctrl,0.06378684807256235,3,4,,,,,,,,,1,,,,,,,,,31,1,2,193,1,7,31
f1Ctrl,0.13049886621315193,3,8,,,,,,,,,1,,,,,,,,,31,1,2,81,1,7,31
f1Ctrl,0.19716553287981858,3,12,,,,,,,,,1,,,,,,,,,31,1,2,41,1,7,31
f1Ctrl,0.26403628117913824,3,16,,,,,,,,,1,,,,,,,,,31,1,2,193,1,7,31
f1Ctrl,0.3308163265306121,3,20,,,,,,,,,1,,,,,,,,,31,1,2,41,1,7,31
f1Ctrl,0.3975283446712017,3,24,,,,,,,,,1,,,,,,,,,31,1,2,169,1,7,31
f2Ctrl,0.3975736961451246,3,24,,,,,,,,,1,,,,,,,,,31,1,2,169,0,7,31
f1Ctrl,0.4642857142857141,3,28,,,,,,,,,1,,,,,,,,,31,1,2,225,0,7,31
f1Ctrl,0.5310430839002267,3,32,,,,,,,,,1,,,,,,,,,31,1,2,169,0,7,31
f1Ctrl,0.5976190476190476,3,36,,,,,,,,,1,,,,,,,,,31,1,2,149,0,7,31
f1Ctrl,0.6648979591836737,3,40,,,,,,,,,1,,,,,,,,,31,1,2,225,0,7,31
f1Ctrl,0.7312698412698413,3,44,,,,,,,,,1,,,,,,,,,31,1,2,149,0,7,31
f1Ctrl,0.7981179138321997,3,48,,,,,,,,,1,,,,,,,,,31,1,2,225,0,7,31
f1Ctrl,0.8640589569161,3,52,,,,,,,,,1,,,,,,,,,31,1,2,169,0,7,31
f1Ctrl,0.9306802721088439,3,56,,,,,,,,,1,,,,,,,,,31,1,2,149,0,7,31
f1Ctrl,0.9978458049886625,3,60,,,,,,,,,1,,,,,,,,,31,1,2,113,0,7,31
f1Ctrl,1.0658049886621321,3,64,,,,,,,,,1,,,,,,,,,31,1,2,225,0,7,31
vCtrl,1.066145124716554,3,64,,,,,,,,,1,,,,,,,,,31,1,2,225,0,5,31
f1Ctrl,1.1310657596371891,3,68,,,,,,,,,1,,,,,,,,,31,1,2,169,0,5,31
f1Ctrl,1.197687074829933,3,72,,,,,,,,,1,,,,,,,,,31,1,2,149,0,5,31
f1Ctrl,1.2644444444444456,3,76,,,,,,,,,1,,,,,,,,,31,1,2,113,0,5,31
f1Ctrl,1.3328117913832214,3,80,,,,,,,,,1,,,,,,,,,31,1,2,225,0,5,31
vCtrl,1.3331972789115663,3,80,,,,,,,,,1,,,,,,,,,31,1,2,225,0,2,31
f1Ctrl,1.3980725623582784,3,84,,,,,,,,,1,,,,,,,,,31,1,2,169,0,2,31
f1Ctrl,1.4646938775510223,3,88,,,,,,,,,1,,,,,,,,,31,1,2,149,0,2,31
f1Ctrl,1.5322675736961473,3,92,,,,,,,,,1,,,,,,,,,31,1,2,113,0,2,31
f1Ctrl,1.6695918367346965,3,101,,,,,,,,,1,,,,,,,,,31,1,2,236,0,2,31
vCtrl,1.6700000000000028,3,101,,,,,,,,,1,,,,,,,,,31,1,2,236,0,8,31
enBit,1.670158730158733,3,101,,,,,,,,,0,,,,,,,,,31,1,2,236,0,8,0
enBit,1.6705668934240394,3,101,,,,,,,,,1,,,,,,,,,31,1,2,236,0,8,31
enBit,1.6706122448979623,3,101,,,,,,,,,0,,,,,,,,,31,1,2,236,0,8,0
enBit,1.6710204081632687,3,101,,,,,,,,,1,,,,,,,,,31,1,2,236,0,8,31
enBit,1.671088435374153,3,101,,,,,,,,,0,,,,,,,,,31,1,2,236,0,8,0
enBit,1.6714965986394594,3,101,,,,,,,,,1,,,,,,,,,31,1,2,236,0,8,31
enBit,1.6715419501133824,3,101,,,,,,,,,0,,,,,,,,,31,1,2,236,0,8,0
wtbNew,1.6715419501133824,3,101,,,,,,,,,0,,,,,,,,,0,0,2,236,0,8,0
wtbLast,1.6715646258503438,3,101,,,,,,,,,0,,,,,,,,,1,240,2,236,0,8,0
wtbLast,1.6715646258503438,3,101,,,,,,,,,0,,,,,,,,,2,224,2,236,0,8,0
wtbLast,1.6715873015873053,3,101,,,,,,,,,0,,,,,,,,,3,208,2,236,0,8,0
wtbLast,1.6715873015873053,3,101,,,,,,,,,0,,,,,,,,,4,192,2,236,0,8,0
wtbLast,1.6716099773242667,3,101,,,,,,,,,0,,,,,,,,,5,176,2,236,0,8,0
wtbLast,1.6716099773242667,3,101,,,,,,,,,0,,,,,,,,,6,160,2,236,0,8,0
wtbLast,1.6716326530612282,3,101,,,,,,,,,0,,,,,,,,,7,144,2,236,0,8,0
wtbLast,1.6716326530612282,3,101,,,,,,,,,0,,,,,,,,,8,128,2,236,0,8,0
wtbLast,1.6716553287981897,3,101,,,,,,,,,0,,,,,,,,,9,128,2,236,0,8,0
wtbLast,1.6716553287981897,3,101,,,,,,,,,0,,,,,,,,,10,128,2,236,0,8,0
wtbLast,1.6716780045351511,3,101,,,,,,,,,0,,,,,,,,,11,128,2,236,0,8,0
wtbLast,1.6717006802721126,3,101,,,,,,,,,0,,,,,,,,,12,128,2,236,0,8,0
wtbLast,1.6717006802721126,3,101,,,,,,,,,0,,,,,,,,,13,128,2,236,0,8,0
wtbLast,1.671723356009074,3,101,,,,,,,,,0,,,,,,,,,14,128,2,236,0,8,0
wtbLast,1.671723356009074,3,101,,,,,,,,,0,,,,,,,,,15,128,2,236,0,8,0
wtbLast,1.6717460317460355,3,101,,,,,,,,,0,,,,,,,,,16,128,2,236,0,8,0
wtbLast,1.6717460317460355,3,101,,,,,,,,,0,,,,,,,,,17,128,2,236,0,8,0
wtbLast,1.671768707482997,3,101,,,,,,,,,0,,,,,,,,,18,128,2,236,0,8,0
wtbLast,1.671768707482997,3,101,,,,,,,,,0,,,,,,,,,19,128,2,236,0,8,0
wtbLast,1.6717913832199585,3,101,,,,,,,,,0,,,,,,,,,20,128,2,236,0,8,0
wtbLast,1.6717913832199585,3,101,,,,,,,,,0,,,,,,,,,21,128,2,236,0,8,0
wtbLast,1.67181405895692,3,101,,,,,,,,,0,,,,,,,,,22,128,2,236,0,8,0
wtbLast,1.67181405895692,3,101,,,,,,,,,0,,,,,,,,,23,128,2,236,0,8,0
wtbLast,1.6718367346938814,3,101,,,,,,,,,0,,,,,,,,,24,127,2,236,0,8,0
wtbLast,1.6718594104308429,3,101,,,,,,,,,0,,,,,,,,,25,112,2,236,0,8,0
wtbLast,1.6718594104308429,3,101,,,,,,,,,0,,,,,,,,,26,96,2,236,0,8,0
wtbLast,1.6718820861678043,3,101,,,,,,,,,0,,,,,,,,,27,80,2,236,0,8,0
wtbLast,1.6718820861678043,3,101,,,,,,,,,0,,,,,,,,,28,64,2,236,0,8,0
wtbLast,1.6719047619047658,3,101,,,,,,,,,0,,,,,,,,,29,48,2,236,0,8,0
wtbLast,1.6719047619047658,3,101,,,,,,,,,0,,,,,,,,,30,32,2,236,0,8,0
wtbLast,1.6719274376417272,3,101,,,,,,,,,0,,,,,,,,,31,16,3,236,0,8,0
enBit,1.6719501133786887,3,101,,,,,,,,,1,,,,,,,,,31,16,3,236,0,8,31
vCtrl,1.6816326530612284,3,101,,,,,,,,,1,,,,,,,,,31,16,3,236,0,9,31
vCtrl,1.6983219954648567,3,102,,,,,,,,,1,,,,,,,,,31,16,3,236,0,10,31
vCtrl,1.7150793650793692,3,103,,,,,,,,,1,,,,,,,,,31,16,3,236,0,11,31
vCtrl,1.731746031746036,3,104,,,,,,,,,1,,,,,,,,,31,16,3,236,0,10,31
vCtrl,1.748435374149664,3,105,,,,,,,,,1,,,,,,,,,31,16,3,236,0,9,31
vCtrl,1.765759637188213,3,106,,,,,,,,,1,,,,,,,,,31,16,3,236,0,8,31
vCtrl,1.781836734693882,3,107,,,,,,,,,1,,,,,,,,,31,16,3,236,0,7,31
vCtrl,1.799206349206354,3,108,,,,,,,,,1,,,,,,,,,31,16,3,236,0,6,31
vCtrl,1.8159183673469437,3,109,,,,,,,,,1,,,,,,,,,31,16,3,236,0,5,31
vCtrl,1.8321768707483042,3,110,,,,,,,,,1,,,,,,,,,31,16,3,236,0,4,31
vCtrl,1.8488435374149708,3,111,,,,,,,,,1,,,,,,,,,31,16,3,236,0,3,31
vCtrl,2.2325623582766547,3,134,,,,,,,,,1,,,,,,,,,31,16,3,236,0,2,31
vCtrl,2.2492517006802832,3,135,,,,,,,,,1,,,,,,,,,31,16,3,236,0,1,31
f1Ctrl,2.267369614512483,3,137,,,,,,,,,1,,,,,,,,,31,16,3,60,0,1,31
f2Ctrl,2.2674376417233675,3,137,,,,,,,,,1,,,,,,,,,31,16,3,60,1,1,31
vCtrl,2.267755102040828,3,137,,,,,,,,,1,,,,,,,,,31,16,3,60,1,8,31
vCtrl,2.2826530612245017,3,137,,,,,,,,,1,,,,,,,,,31,16,3,60,1,9,31
vCtrl,2.2995011337868605,3,138,,,,,,,,,1,,,,,,,,,31,16,3,60,1,10,31
vCtrl,2.3162585034013734,3,139,,,,,,,,,1,,,,,,,,,31,16,3,60,1,11,31
vCtrl,2.332811791383233,3,140,,,,,,,,,1,,,,,,,,,31,16,3,60,1,10,31
vCtrl,2.3495011337868617,3,141,,,,,,,,,1,,,,,,,,,31,16,3,60,1,9,31
vCtrl,2.3667800453514882,3,143,,,,,,,,,1,,,,,,,,,31,16,3,60,1,8,31
vCtrl,2.3828571428571577,3,143,,,,,,,,,1,,,,,,,,,31,16,3,60,1,7,31
vCtrl,2.399546485260786,3,144,,,,,,,,,1,,,,,,,,,31,16,3,60,1,6,31
vCtrl,2.416258503401376,3,145,,,,,,,,,1,,,,,,,,,31,16,3,60,1,5,31
vCtrl,2.4329478458050047,3,146,,,,,,,,,1,,,,,,,,,31,16,3,60,1,4,31
vCtrl,2.4496145124716717,3,147,,,,,,,,,1,,,,,,,,,31,16,3,60,1,3,31
vCtrl,2.8333333333333606,3,171,,,,,,,,,1,,,,,,,,,31,16,3,60,1,2,31
vCtrl,2.850022675736989,3,172,,,,,,,,,1,,,,,,,,,31,16,3,60,1,1,31
f1Ctrl,2.8681632653061504,3,173,,,,,,,,,1,,,,,,,,,31,16,3,236,1,1,31
f2Ctrl,2.8682086167800733,3,173,,,,,,,,,1,,,,,,,,,31,16,3,236,0,1,31
vCtrl,2.868526077097534,3,173,,,,,,,,,1,,,,,,,,,31,16,3,236,0,8,31
vCtrl,2.883446712018169,3,174,,,,,,,,,1,,,,,,,,,31,16,3,236,0,9,31
vCtrl,2.9001360544217976,3,175,,,,,,,,,1,,,,,,,,,31,16,3,236,0,10,31
vCtrl,2.9168934240363105,3,176,,,,,,,,,1,,,,,,,,,31,16,3,236,0,11,31
vCtrl,2.933537414966016,3,177,,,,,,,,,1,,,,,,,,,31,16,3,236,0,10,31
vCtrl,2.9502267573696446,3,178,,,,,,,,,1,,,,,,,,,31,16,3,236,0,9,31
vCtrl,2.96764172335604,3,179,,,,,,,,,1,,,,,,,,,31,16,3,236,0,8,31
vCtrl,2.9837188208617094,3,180,,,,,,,,,1,,,,,,,,,31,16,3,236,0,7,31
vCtrl,3.000317460317492,3,181,,,,,,,,,1,,,,,,,,,31,16,3,236,0,6,31
vCtrl,3.017029478458082,3,182,,,,,,,,,1,,,,,,,,,31,16,3,236,0,5,31
vCtrl,3.0337188208617105,3,183,,,,,,,,,1,,,,,,,,,31,16,3,236,0,4,31
vCtrl,3.0503854875283776,3,184,,,,,,,,,1,,,,,,,,,31,16,3,236,0,3,31
vCtrl,3.4341043083900664,3,207,,,,,,,,,1,,,,,,,,,31,16,3,236,0,2,31
vCtrl,3.450793650793695,3,208,,,,,,,,,1,,,,,,,,,31,16,3,236,0,1,31
f1Ctrl,3.469387755102085,3,209,,,,,,,,,1,,,,,,,,,31,16,3,178,0,1,31
vCtrl,3.46977324263043,3,209,,,,,,,,,1,,,,,,,,,31,16,3,178,0,8,31
vCtrl,3.484988662131564,3,210,,,,,,,,,1,,,,,,,,,31,16,3,178,0,9,31
vCtrl,3.5012018140590024,3,211,,,,,,,,,1,,,,,,,,,31,16,3,178,0,10,31
vCtrl,3.5179591836735153,3,212,,,,,,,,,1,,,,,,,,,31,16,3,178,0,11,31
vCtrl,3.534603174603221,3,213,,,,,,,,,1,,,,,,,,,31,16,3,178,0,10,31
vCtrl,3.551360544217734,3,214,,,,,,,,,1,,,,,,,,,31,16,3,178,0,9,31
vCtrl,3.568616780045399,3,215,,,,,,,,,1,,,,,,,,,31,16,3,178,0,8,31
vCtrl,3.5846938775510684,3,216,,,,,,,,,1,,,,,,,,,31,16,3,178,0,7,31
vCtrl,3.6015646258503886,3,217,,,,,,,,,1,,,,,,,,,31,16,3,178,0,6,31
vCtrl,3.61829931972794,3,218,,,,,,,,,1,,,,,,,,,31,16,3,178,0,5,31
vCtrl,3.6348752834467613,3,219,,,,,,,,,1,,,,,,,,,31,16,3,178,0,4,31
vCtrl,3.6515419501134283,3,220,,,,,,,,,1,,,,,,,,,31,16,3,178,0,3,31
vCtrl,4.034875283446767,3,243,,,,,,,,,1,,,,,,,,,31,16,3,178,0,2,31
vCtrl,4.051564625850395,3,244,,,,,,,,,1,,,,,,,,,31,16,3,178,0,1,31
f1Ctrl,4.069750566893478,3,245,,,,,,,,,1,,,,,,,,,31,16,3,132,0,1,31
vCtrl,4.070090702947899,3,245,,,,,,,,,1,,,,,,,,,31,16,3,132,0,8,31
vCtrl,4.085034013605495,3,246,,,,,,,,,1,,,,,,,,,31,16,3,132,0,9,31
vCtrl,4.101655328798238,3,247,,,,,,,,,1,,,,,,,,,31,16,3,132,0,10,31
vCtrl,4.118412698412749,3,248,,,,,,,,,1,,,,,,,,,31,16,3,132,0,11,31
vCtrl,4.135646258503451,3,249,,,,,,,,,1,,,,,,,,,31,16,3,132,0,10,31
vCtrl,4.151768707483042,3,250,,,,,,,,,1,,,,,,,,,31,16,3,132,0,9,31
vCtrl,4.169092970521589,3,251,,,,,,,,,1,,,,,,,,,31,16,3,132,0,8,31
vCtrl,4.185170068027257,3,252,,,,,,,,,1,,,,,,,,,31,16,3,132,0,7,31
vCtrl,4.201859410430885,3,253,,,,,,,,,1,,,,,,,,,31,16,3,132,0,6,31
vCtrl,4.218616780045396,3,254,,,,,,,,,1,,,,,,,,,31,16,3,132,0,5,31
vCtrl,4.235238095238139,3,255,,,,,,,,,1,,,,,,,,,31,16,3,132,0,4,31
vCtrl,4.252312925170111,3,256,,,,,,,,,1,,,,,,,,,31,16,3,132,0,3,31
vCtrl,4.635238095238137,3,279,,,,,,,,,1,,,,,,,,,31,16,3,132,0,2,31
vCtrl,4.651927437641763,3,280,,,,,,,,,1,,,,,,,,,31,16,3,132,0,1,31
f1Ctrl,4.670702947845844,3,281,,,,,,,,,1,,,,,,,,,31,16,3,100,0,1,31
vCtrl,4.6710430839002655,3,281,,,,,,,,,1,,,,,,,,,31,16,3,100,0,8,31
vCtrl,4.685351473922941,3,282,,,,,,,,,1,,,,,,,,,31,16,3,100,0,9,31
vCtrl,4.702040816326568,3,283,,,,,,,,,1,,,,,,,,,31,16,3,100,0,10,31
vCtrl,4.71879818594108,3,284,,,,,,,,,1,,,,,,,,,31,16,3,100,0,11,31
vCtrl,4.735442176870784,3,285,,,,,,,,,1,,,,,,,,,31,16,3,100,0,10,31
vCtrl,4.752131519274411,3,286,,,,,,,,,1,,,,,,,,,31,16,3,100,0,9,31
vCtrl,4.769886621315227,3,287,,,,,,,,,1,,,,,,,,,31,16,3,100,0,8,31
vCtrl,4.7855328798186285,3,288,,,,,,,,,1,,,,,,,,,31,16,3,100,0,7,31
vCtrl,4.802244897959217,3,289,,,,,,,,,1,,,,,,,,,31,16,3,100,0,6,31
vCtrl,4.818956916099807,3,290,,,,,,,,,1,,,,,,,,,31,16,3,100,0,5,31
vCtrl,5.769931972789146,3,347,,,,,,,,,1,,,,,,,,,31,16,3,100,0,4,31
vCtrl,5.786621315192774,3,348,,,,,,,,,1,,,,,,,,,31,16,3,100,0,3,31
vCtrl,5.803356009070326,3,349,,,,,,,,,1,,,,,,,,,31,16,3,100,0,2,31
vCtrl,5.820022675736992,3,350,,,,,,,,,1,,,,,,,,,31,16,3,100,0,1,31
vCtrl,5.836757369614543,3,351,,,,,,,,,1,,,,,,,,,31,16,3,100,0,0,31
f1Ctrl,5.870204081632682,3,353,,,,,,,,,1,,,,,,,,,31,16,3,0,0,0,31
enBit,5.8706575963719105,3,353,,,,,,,,,0,,,,,,,,,31,16,3,0,0,0,0

