#type,time,ch,ticks,l,fL,v,fV,f,fF,o,scale,en,fEn,vDiff,vCnt,oDiff,cnt,envlp,envlpIndex,nE,nF,offset,data,wtbIndex,f1Ctrl,f2Ctrl,vCtrl,enCtrl
f1Ctrl,0.0,0,0,0,0,0,0,168,0,1,r,0,0,10,0,4,1,{},{},{},{},0,0,0,168,0,0,0
vCtrl,0.0005668934240362816,0,0,0,{},10,{},168,168,5,e,0,0,0,2,0,1,{},{},{},{},0,0,0,168,0,10,0
enBit,0.0008616780045351482,0,0,0,0,10,0,168,168,5,e,1,0,0,2,0,1,{},{},{},{},0,0,0,168,0,10,31
enBit,0.0009297052154195021,0,0,0,0,10,10,168,168,5,e,0,0,0,2,0,1,{},{},{},{},0,0,0,168,0,10,0
enBit,0.001337868480725625,0,0,0,0,10,10,168,168,5,e,1,0,0,2,0,1,{},{},{},{},31,231,0,168,0,10,31
enBit,0.0013832199546485275,0,0,0,0,10,10,168,168,5,e,0,0,0,2,0,1,{},{},{},{},31,231,0,168,0,10,0
enBit,0.0017913832199546505,0,0,0,0,10,10,168,168,5,e,1,0,0,2,0,1,{},{},{},{},31,231,0,168,0,10,31
enBit,0.0018594104308390044,0,0,0,0,10,10,168,168,5,e,0,0,0,2,0,1,{},{},{},{},31,231,0,168,0,10,0
enBit,0.002244897959183676,0,0,0,0,10,10,168,168,5,e,1,0,0,2,0,1,{},{},{},{},31,231,0,168,0,10,31
enBit,0.0022902494331065787,0,0,0,0,10,10,168,168,5,e,0,0,0,2,0,1,{},{},{},{},31,231,0,168,0,10,0
enBit,0.0026984126984127017,0,0,4,0,10,10,168,168,5,e,1,0,0,2,0,1,A=4,{},{},{},31,231,0,168,0,10,31
f1Ctrl,0.06351473922902494,0,4,4,4,10,10,178,168,5,e,1,0,0,2,0,1,F,0,{},{},31,231,0,178,0,10,31
f1Ctrl,0.13006802721088434,0,8,4,4,10,10,188,178,5,d+,1,1,0,1,0,1,F,0,{},{},31,231,0,188,0,10,31
f1Ctrl,0.1966893424036281,0,12,4,4,10,10,200,188,5,d,1,1,0,1,0,1,F,0,{},{},31,231,0,200,0,10,31
f1Ctrl,0.26358276643990924,0,16,4,4,10,10,212,200,5,c+,1,1,0,1,-1,1,F,0,{},{},31,231,0,212,0,10,31
f1Ctrl,0.33038548752834457,0,20,4,4,10,10,224,212,5,c,1,1,0,1,-1,1,F,0,{},{},31,231,0,224,0,10,31
f1Ctrl,0.3970748299319727,0,24,4,4,10,10,236,224,4,b,1,1,0,1,0,1,F,0,{},{},31,231,0,236,0,10,31
f1Ctrl,0.4636507936507935,0,28,4,4,10,10,252,236,4,a+,1,1,0,1,0,1,F,0,{},{},31,231,0,252,0,10,31
f2Ctrl,0.5302721088435374,0,32,4,4,10,10,264,252,4,a,1,1,0,1,0,1,F,0,{},{},31,231,0,8,1,10,31
f1Ctrl,0.5968253968253968,0,36,4,4,10,10,280,264,4,g+,1,1,0,1,0,1,F,0,{},{},31,231,0,24,1,10,31
f1Ctrl,0.6640816326530613,0,40,4,4,10,10,296,280,4,g,1,1,0,1,0,1,F,0,{},{},31,231,0,40,1,10,31
f1Ctrl,0.7304535147392291,0,44,4,4,10,10,316,296,4,f+,1,1,0,1,0,1,F,0,{},{},31,231,0,60,1,10,31
f1Ctrl,0.7973242630385489,0,48,16,4,10,10,336,316,4,f,1,1,-2,1,0,1,F,0,{},{},31,231,0,80,1,10,31
vCtrl,1.0652607709750572,0,64,16,{},8,{},336,336,4,e,1,1,-2,2,0,1,8=32,{},{},{},31,231,0,80,1,8,31
vCtrl,1.332290249433108,0,80,12,{},6,{},336,336,4,e,1,1,-2,3,0,1,6=44,{},{},{},31,231,0,80,1,6,31
vCtrl,1.5317460317460339,0,92,9,{},4,{},336,336,4,e,1,1,0,4,-2,1,4=53,{},{},{},31,231,0,80,1,4,31
f2Ctrl,1.6690929705215445,0,101,0,53,15,10,1696,336,4,e,1,1,0,4,0,1,A.4=53,1,{},{},31,231,0,160,6,15,31
enBit,1.6694331065759664,0,101,0,0,15,4,1696,1696,2,c,0,1,0,2,0,1,{},{},{},{},31,231,0,160,6,15,0
enBit,1.6698412698412728,0,101,0,0,15,15,1696,1696,2,c,1,1,0,2,0,1,{},{},{},{},31,64,1,160,6,15,31
enBit,1.6698866213151957,0,101,0,0,15,15,1696,1696,2,c,0,1,0,2,0,1,{},{},{},{},31,64,1,160,6,15,0
enBit,1.670294784580502,0,101,0,0,15,15,1696,1696,2,c,1,1,0,2,0,1,{},{},{},{},31,64,1,160,6,15,31
enBit,1.6703628117913865,0,101,0,0,15,15,1696,1696,2,c,0,1,0,2,0,1,{},{},{},{},31,64,1,160,6,15,0
enBit,1.6707709750566928,0,101,0,0,15,15,1696,1696,2,c,1,1,0,2,0,1,{},{},{},{},31,64,1,160,6,15,31
enBit,1.6708163265306157,0,101,0,0,15,15,1696,1696,2,c,0,1,0,2,0,1,{},{},{},{},31,64,1,160,6,15,0
enBit,1.671224489795922,0,101,0,0,15,15,1696,1696,2,c,1,1,-1,2,0,1,{},{},{},{},31,64,1,160,6,15,31
vCtrl,1.6807256235827701,0,101,1,{},14,{},1696,1696,2,c,1,1,-1,3,0,1,E,{},{},{},31,64,1,160,6,14,31
vCtrl,1.6974149659863984,0,102,1,{},13,{},1696,1696,2,c,1,1,-1,4,0,1,D=2,{},{},{},31,64,1,160,6,13,31
vCtrl,1.7141723356009109,0,103,1,{},12,{},1696,1696,2,c,1,1,-1,5,0,1,C=3,{},{},{},31,64,1,160,6,12,31
vCtrl,1.7308390022675777,0,104,1,{},11,{},1696,1696,2,c,1,1,-1,6,0,1,B=4,{},{},{},31,64,1,160,6,11,31
vCtrl,1.7475283446712058,0,105,1,{},10,{},1696,1696,2,c,1,1,0,7,1,1,A=5,{},{},{},31,64,1,160,6,10,31
f2Ctrl,1.7648526077097546,0,106,1,5,15,15,848,1696,2,c,1,1,-1,7,0,1,F.A=5,2,{},{},31,64,1,80,3,15,31
vCtrl,1.7809297052154236,0,107,1,{},14,{},848,848,3,c,1,1,-1,3,0,1,E=2,{},{},{},31,64,1,80,3,14,31
vCtrl,1.7981179138322039,0,108,1,{},13,{},848,848,3,c,1,1,-1,4,0,1,D=3,{},{},{},31,64,1,80,3,13,31
vCtrl,1.814399092970526,0,109,1,{},12,{},848,848,3,c,1,1,-1,5,0,1,C=4,{},{},{},31,64,1,80,3,12,31
vCtrl,1.8306575963718865,0,110,1,{},11,{},848,848,3,c,1,1,-1,6,0,1,B=5,{},{},{},31,64,1,80,3,11,31
vCtrl,1.847369614512476,0,111,1,{},10,{},848,848,3,c,1,1,0,7,-1,1,A=6,{},{},{},31,64,1,80,3,10,31
f2Ctrl,1.865147392290254,0,112,1,6,15,10,1696,848,3,c,1,1,-1,7,0,1,F.A=6,3,{},{},31,64,1,160,6,15,31
vCtrl,1.880680272108848,0,113,1,{},14,{},1696,1696,2,c,1,1,-1,3,0,1,E=2,{},{},{},31,64,1,160,6,14,31
vCtrl,1.8973242630385532,0,114,1,{},13,{},1696,1696,2,c,1,1,-1,4,0,1,D=3,{},{},{},31,64,1,160,6,13,31
vCtrl,1.9140136054421812,0,115,1,{},12,{},1696,1696,2,c,1,1,-1,5,0,1,C=4,{},{},{},31,64,1,160,6,12,31
vCtrl,1.9304988662131564,0,116,1,{},11,{},1696,1696,2,c,1,1,-1,6,0,1,B=5,{},{},{},31,64,1,160,6,11,31
vCtrl,1.9471882086167844,0,117,1,{},10,{},1696,1696,2,c,1,1,0,7,1,1,A=6,{},{},{},31,64,1,160,6,10,31
f2Ctrl,1.964648526077102,0,118,1,6,15,10,848,1696,2,c,1,1,-1,7,0,1,F.A=6,3,{},{},31,64,1,80,3,15,31
vCtrl,1.9807256235827708,0,119,1,{},14,{},848,848,3,c,1,1,-1,3,0,1,E=2,{},{},{},31,64,1,80,3,14,31
vCtrl,1.99727891156463,0,120,1,{},13,{},848,848,3,c,1,1,-1,4,0,1,D=3,{},{},{},31,64,1,80,3,13,31
vCtrl,2.01399092970522,0,121,1,{},12,{},848,848,3,c,1,1,-1,5,0,1,C=4,{},{},{},31,64,1,80,3,12,31
vCtrl,2.030612244897964,0,122,1,{},11,{},848,848,3,c,1,1,-1,6,0,1,B=5,{},{},{},31,64,1,80,3,11,31
vCtrl,2.0473015873015927,0,123,1,{},10,{},848,848,3,c,1,1,0,7,-1,1,A=6,{},{},{},31,64,1,80,3,10,31
f2Ctrl,2.0647845804988725,0,124,1,6,15,10,1696,848,3,c,1,1,-1,7,0,1,F.A=6,3,{},{},31,64,1,160,6,15,31
vCtrl,2.0806575963718887,0,125,1,{},14,{},1696,1696,2,c,1,1,-1,3,0,1,E=2,{},{},{},31,64,1,160,6,14,31
vCtrl,2.0973469387755173,0,126,1,{},13,{},1696,1696,2,c,1,1,-1,4,0,1,D=3,{},{},{},31,64,1,160,6,13,31
vCtrl,2.1140589569161072,0,127,1,{},12,{},1696,1696,2,c,1,1,-1,5,0,1,C=4,{},{},{},31,64,1,160,6,12,31
vCtrl,2.13065759637189,0,128,1,{},11,{},1696,1696,2,c,1,1,-1,6,0,1,B=5,{},{},{},31,64,1,160,6,11,31
vCtrl,2.1473469387755184,0,129,1,{},10,{},1696,1696,2,c,1,1,0,7,1,1,A=6,{},{},{},31,64,1,160,6,10,31
f2Ctrl,2.164580498866222,0,130,1,6,15,10,848,1696,2,c,1,1,-1,7,0,1,F.A=6,3,{},{},31,64,1,80,3,15,31
vCtrl,2.1806575963718915,0,131,1,{},14,{},848,848,3,c,1,1,-1,3,0,1,E=2,{},{},{},31,64,1,80,3,14,31
vCtrl,2.197301587301597,0,132,1,{},13,{},848,848,3,c,1,1,-1,4,0,1,D=3,{},{},{},31,64,1,80,3,13,31
vCtrl,2.2139909297052256,0,133,1,{},12,{},848,848,3,c,1,1,-1,5,0,1,C=4,{},{},{},31,64,1,80,3,12,31
vCtrl,2.2307029478458156,0,134,1,{},11,{},848,848,3,c,1,1,-1,6,0,1,B=5,{},{},{},31,64,1,80,3,11,31
vCtrl,2.247392290249444,0,135,1,{},10,{},848,848,3,c,1,1,0,7,-1,1,A=6,{},{},{},31,64,1,80,3,10,31
f2Ctrl,2.265895691609989,0,136,1,6,15,10,1696,848,3,c,1,1,-1,7,0,1,F.A=6,3,{},{},31,64,1,160,6,15,31
vCtrl,2.280816326530624,0,137,1,{},14,{},1696,1696,2,c,1,1,-1,3,0,1,E=2,{},{},{},31,64,1,160,6,14,31
vCtrl,2.2974603174603296,0,138,1,{},13,{},1696,1696,2,c,1,1,-1,4,0,1,D=3,{},{},{},31,64,1,160,6,13,31
vCtrl,2.3142176870748425,0,139,1,{},12,{},1696,1696,2,c,1,1,-1,5,0,1,C=4,{},{},{},31,64,1,160,6,12,31
vCtrl,2.3307709750567023,0,140,1,{},11,{},1696,1696,2,c,1,1,-1,6,0,1,B=5,{},{},{},31,64,1,160,6,11,31
vCtrl,2.347460317460331,0,141,1,{},10,{},1696,1696,2,c,1,1,0,7,1,1,A=6,{},{},{},31,64,1,160,6,10,31
f2Ctrl,2.3647392290249574,0,142,1,6,15,10,848,1696,2,c,1,1,-1,7,0,1,F.A=6,3,{},{},31,64,1,80,3,15,31
vCtrl,2.380816326530627,0,143,1,{},14,{},848,848,3,c,1,1,-1,3,0,1,E=2,{},{},{},31,64,1,80,3,14,31
vCtrl,2.3973242630385636,0,144,1,{},13,{},848,848,3,c,1,1,-1,4,0,1,D=3,{},{},{},31,64,1,80,3,13,31
vCtrl,2.4140362811791536,0,145,1,{},12,{},848,848,3,c,1,1,-1,5,0,1,C=4,{},{},{},31,64,1,80,3,12,31
vCtrl,2.4307029478458206,0,146,1,{},11,{},848,848,3,c,1,1,-1,6,0,1,B=5,{},{},{},31,64,1,80,3,11,31
vCtrl,2.447392290249449,0,147,1,{},10,{},848,848,3,c,1,1,0,7,-1,1,A=6,{},{},{},31,64,1,80,3,10,31
f2Ctrl,2.465215419501151,0,148,1,6,15,10,1696,848,3,c,1,1,-1,7,0,1,F.A=6,3,{},{},31,64,1,160,6,15,31
vCtrl,2.4807709750567066,0,149,1,{},14,{},1696,1696,2,c,1,1,-1,3,0,1,E=2,{},{},{},31,64,1,160,6,14,31
vCtrl,2.4973696145124893,0,150,1,{},13,{},1696,1696,2,c,1,1,-1,4,0,1,D=3,{},{},{},31,64,1,160,6,13,31
vCtrl,2.514058956916118,0,151,1,{},12,{},1696,1696,2,c,1,1,-1,5,0,1,C=4,{},{},{},31,64,1,160,6,12,31
vCtrl,2.530725623582785,0,152,1,{},11,{},1696,1696,2,c,1,1,-1,6,0,1,B=5,{},{},{},31,64,1,160,6,11,31
vCtrl,2.5474149659864134,0,153,1,{},10,{},1696,1696,2,c,1,1,0,7,1,1,A=6,{},{},{},31,64,1,160,6,10,31
f2Ctrl,2.564739229024963,0,154,1,6,15,10,848,1696,2,c,1,1,-1,7,0,1,F.A=6,3,{},{},31,64,1,80,3,15,31
vCtrl,2.5808163265306323,0,155,1,{},14,{},848,848,3,c,1,1,-1,3,0,1,E=2,{},{},{},31,64,1,80,3,14,31
vCtrl,2.597505668934261,0,156,1,{},13,{},848,848,3,c,1,1,-1,4,0,1,D=3,{},{},{},31,64,1,80,3,13,31
vCtrl,2.614217687074851,0,157,1,{},12,{},848,848,3,c,1,1,-1,5,0,1,C=4,{},{},{},31,64,1,80,3,12,31
vCtrl,2.6309070294784793,0,158,1,{},11,{},848,848,3,c,1,1,-1,6,0,1,B=5,{},{},{},31,64,1,80,3,11,31
vCtrl,2.647596371882108,0,159,1,{},10,{},848,848,3,c,1,1,0,7,-1,1,A=6,{},{},{},31,64,1,80,3,10,31
f2Ctrl,2.665011337868503,0,160,1,6,15,10,1696,848,3,c,1,1,-1,7,0,1,F.A=6,3,{},{},31,64,1,160,6,15,31
vCtrl,2.6808843537415195,0,161,1,{},14,{},1696,1696,2,c,1,1,-1,3,0,1,E=2,{},{},{},31,64,1,160,6,14,31
vCtrl,2.6975963718821094,0,162,1,{},13,{},1696,1696,2,c,1,1,-1,4,0,1,D=3,{},{},{},31,64,1,160,6,13,31
vCtrl,2.714285714285738,0,163,1,{},12,{},1696,1696,2,c,1,1,-1,5,0,1,C=4,{},{},{},31,64,1,160,6,12,31
vCtrl,2.7309297052154435,0,164,1,{},11,{},1696,1696,2,c,1,1,-1,6,0,1,B=5,{},{},{},31,64,1,160,6,11,31
vCtrl,2.747619047619072,0,165,1,{},10,{},1696,1696,2,c,1,1,0,7,1,1,A=6,{},{},{},31,64,1,160,6,10,31
f2Ctrl,2.7649433106576216,0,166,1,6,15,10,848,1696,2,c,1,1,-1,7,0,1,F.A=6,3,{},{},31,64,1,80,3,15,31
vCtrl,2.781020408163291,0,167,1,{},14,{},848,848,3,c,1,1,-1,3,0,1,E=2,{},{},{},31,64,1,80,3,14,31
vCtrl,2.7976190476190737,0,168,1,{},13,{},848,848,3,c,1,1,-1,4,0,1,D=3,{},{},{},31,64,1,80,3,13,31
vCtrl,2.814308390022702,0,169,1,{},12,{},848,848,3,c,1,1,-1,5,0,1,C=4,{},{},{},31,64,1,80,3,12,31
vCtrl,2.8307482993197546,0,170,1,{},11,{},848,848,3,c,1,1,-1,6,0,1,B=5,{},{},{},31,64,1,80,3,11,31
vCtrl,2.847437641723383,0,171,1,{},10,{},848,848,3,c,1,1,0,7,-1,1,A=6,{},{},{},31,64,1,80,3,10,31
f2Ctrl,2.865759637188236,0,172,1,6,15,10,1696,848,3,c,1,1,-1,7,0,1,F.A=6,3,{},{},31,64,1,160,6,15,31
vCtrl,2.8806802721088713,0,173,1,{},14,{},1696,1696,2,c,1,1,-1,3,0,1,E=2,{},{},{},31,64,1,160,6,14,31
vCtrl,2.8973696145125,0,174,1,{},13,{},1696,1696,2,c,1,1,-1,4,0,1,D=3,{},{},{},31,64,1,160,6,13,31
vCtrl,2.9141269841270128,0,175,1,{},12,{},1696,1696,2,c,1,1,-1,5,0,1,C=4,{},{},{},31,64,1,160,6,12,31
vCtrl,2.9307709750567184,0,176,1,{},11,{},1696,1696,2,c,1,1,-1,6,0,1,B=5,{},{},{},31,64,1,160,6,11,31
vCtrl,2.9474829931973083,0,177,1,{},10,{},1696,1696,2,c,1,1,0,7,1,1,A=6,{},{},{},31,64,1,160,6,10,31
f2Ctrl,2.9648979591837037,0,178,1,6,15,10,848,1696,2,c,1,1,-1,7,0,1,F.A=6,3,{},{},31,64,1,80,3,15,31
vCtrl,2.980975056689373,0,179,1,{},14,{},848,848,3,c,1,1,-1,3,0,1,E=2,{},{},{},31,64,1,80,3,14,31
vCtrl,2.997573696145156,0,180,1,{},13,{},848,848,3,c,1,1,-1,4,0,1,D=3,{},{},{},31,64,1,80,3,13,31
vCtrl,3.0142630385487843,0,181,1,{},12,{},848,848,3,c,1,1,-1,5,0,1,C=4,{},{},{},31,64,1,80,3,12,31
vCtrl,3.0309297052154514,0,182,1,{},11,{},848,848,3,c,1,1,-1,6,0,1,B=5,{},{},{},31,64,1,80,3,11,31
vCtrl,3.0476417233560413,0,183,1,{},10,{},848,848,3,c,1,1,0,7,-1,1,A=6,{},{},{},31,64,1,80,3,10,31
f2Ctrl,3.0653514739229357,0,184,1,6,15,10,1696,848,3,c,1,1,-1,7,0,1,F.A=6,3,{},{},31,64,1,160,6,15,31
vCtrl,3.0809070294784915,0,185,1,{},14,{},1696,1696,2,c,1,1,-1,3,0,1,E=2,{},{},{},31,64,1,160,6,14,31
vCtrl,3.09759637188212,0,186,1,{},13,{},1696,1696,2,c,1,1,-1,4,0,1,D=3,{},{},{},31,64,1,160,6,13,31
vCtrl,3.11430839002271,0,187,1,{},12,{},1696,1696,2,c,1,1,-1,5,0,1,C=4,{},{},{},31,64,1,160,6,12,31
vCtrl,3.1310430839002614,0,188,1,{},11,{},1696,1696,2,c,1,1,-1,6,0,1,B=5,{},{},{},31,64,1,160,6,11,31
vCtrl,3.1477097505669285,0,189,1,{},10,{},1696,1696,2,c,1,1,0,7,1,1,A=6,{},{},{},31,64,1,160,6,10,31
f2Ctrl,3.1649659863945936,0,190,1,6,15,10,848,1696,2,c,1,1,-1,7,0,1,F.A=6,3,{},{},31,64,1,80,3,15,31
vCtrl,3.181043083900263,0,191,1,{},14,{},848,848,3,c,1,1,-1,3,0,1,E=2,{},{},{},31,64,1,80,3,14,31
vCtrl,3.1977324263038915,0,192,1,{},13,{},848,848,3,c,1,1,-1,4,0,1,D=3,{},{},{},31,64,1,80,3,13,31
vCtrl,3.2144444444444815,0,193,1,{},12,{},848,848,3,c,1,1,-1,5,0,1,C=4,{},{},{},31,64,1,80,3,12,31
vCtrl,3.231043083900264,0,194,1,{},11,{},848,848,3,c,1,1,-1,6,0,1,B=5,{},{},{},31,64,1,80,3,11,31
vCtrl,3.2477324263038927,0,195,1,{},10,{},848,848,3,c,1,1,0,7,-1,1,A=6,{},{},{},31,64,1,80,3,10,31
f2Ctrl,3.265238095238134,0,196,1,6,15,10,1696,848,3,c,1,1,-1,7,0,1,F.A=6,3,{},{},31,64,1,160,6,15,31
vCtrl,3.28111111111115,0,197,1,{},14,{},1696,1696,2,c,1,1,-1,3,0,1,E=2,{},{},{},31,64,1,160,6,14,31
vCtrl,3.297913832199586,0,198,1,{},13,{},1696,1696,2,c,1,1,-1,4,0,1,D=3,{},{},{},31,64,1,160,6,13,31
vCtrl,3.3146031746032145,0,199,1,{},12,{},1696,1696,2,c,1,1,-1,5,0,1,C=4,{},{},{},31,64,1,160,6,12,31
vCtrl,3.3311564625850743,0,200,1,{},11,{},1696,1696,2,c,1,1,-1,6,0,1,B=5,{},{},{},31,64,1,160,6,11,31
vCtrl,3.3478458049887028,0,201,1,{},10,{},1696,1696,2,c,1,1,0,7,1,1,A=6,{},{},{},31,64,1,160,6,10,31
f2Ctrl,3.3651700680272523,0,202,1,6,15,10,848,1696,2,c,1,1,-1,7,0,1,F.A=6,3,{},{},31,64,1,80,3,15,31
vCtrl,3.3812471655329217,0,203,1,{},14,{},848,848,3,c,1,1,-1,3,0,1,E=2,{},{},{},31,64,1,80,3,14,31
vCtrl,3.39793650793655,0,204,1,{},13,{},848,848,3,c,1,1,-1,4,0,1,D=3,{},{},{},31,64,1,80,3,13,31
vCtrl,3.41464852607714,0,205,1,{},12,{},848,848,3,c,1,1,-1,5,0,1,C=4,{},{},{},31,64,1,80,3,12,31
vCtrl,3.4313378684807687,0,206,1,{},11,{},848,848,3,c,1,1,-1,6,0,1,B=5,{},{},{},31,64,1,80,3,11,31
vCtrl,3.4480272108843972,0,207,1,{},10,{},848,848,3,c,1,1,0,7,-1,1,A=6,{},{},{},31,64,1,80,3,10,31
f2Ctrl,3.4665306122449415,0,208,1,6,10,10,1696,848,3,c,1,1,5,7,-1,1,F.A=6,3,{},{},31,64,1,160,6,10,31
vCtrl,3.4670068027211323,0,209,0,{},15,{},1696,1696,2,c,1,1,-1,2,0,1,{},{},{},{},31,64,1,160,6,15,31
vCtrl,3.4822222222222665,0,209,1,{},14,{},1696,1696,2,c,1,1,-1,3,0,1,E,{},{},{},31,64,1,160,6,14,31
vCtrl,3.498253968254013,0,210,1,{},13,{},1696,1696,2,c,1,1,-1,4,0,1,D=2,{},{},{},31,64,1,160,6,13,31
vCtrl,3.515011337868526,0,211,1,{},12,{},1696,1696,2,c,1,1,-1,5,0,1,C=3,{},{},{},31,64,1,160,6,12,31
vCtrl,3.5316553287982315,0,212,1,{},11,{},1696,1696,2,c,1,1,-1,6,0,1,B=4,{},{},{},31,64,1,160,6,11,31
vCtrl,3.5482312925170527,0,213,1,{},10,{},1696,1696,2,c,1,1,0,7,1,1,A=5,{},{},{},31,64,1,160,6,10,31
f2Ctrl,3.565487528344718,0,214,1,6,15,10,848,1696,2,c,1,1,-1,7,0,1,A.A=5,4,{},{},31,64,1,80,3,15,31
vCtrl,3.5813832199546956,0,215,1,{},14,{},848,848,3,c,1,1,-1,3,0,1,E=2,{},{},{},31,64,1,80,3,14,31
vCtrl,3.598072562358324,0,216,1,{},13,{},848,848,3,c,1,1,-1,4,0,1,D=3,{},{},{},31,64,1,80,3,13,31
vCtrl,3.6148072562358755,0,217,1,{},12,{},848,848,3,c,1,1,-1,5,0,1,C=4,{},{},{},31,64,1,80,3,12,31
vCtrl,3.6311791383220435,0,218,1,{},11,{},848,848,3,c,1,1,-1,6,0,1,B=5,{},{},{},31,64,1,80,3,11,31
vCtrl,3.6478911564626335,0,219,1,{},10,{},848,848,3,c,1,1,0,7,-1,1,A=6,{},{},{},31,64,1,80,3,10,31
f2Ctrl,3.665600907029528,0,220,1,6,15,10,1696,848,3,c,1,1,-1,7,0,1,F.A=6,3,{},{},31,64,1,160,6,15,31
vCtrl,3.681224489795968,0,221,1,{},14,{},1696,1696,2,c,1,1,-1,3,0,1,E=2,{},{},{},31,64,1,160,6,14,31
vCtrl,3.697845804988712,0,222,1,{},13,{},1696,1696,2,c,1,1,-1,4,0,1,D=3,{},{},{},31,64,1,160,6,13,31
vCtrl,3.714353741496649,0,223,1,{},12,{},1696,1696,2,c,1,1,-1,5,0,1,C=4,{},{},{},31,64,1,160,6,12,31
vCtrl,3.7314058956916605,0,224,1,{},11,{},1696,1696,2,c,1,1,-1,6,0,1,B=5,{},{},{},31,64,1,160,6,11,31
vCtrl,3.747709750566944,0,225,1,{},10,{},1696,1696,2,c,1,1,0,7,1,1,A=6,{},{},{},31,64,1,160,6,10,31
f2Ctrl,3.7650340136054936,0,226,1,6,15,10,848,1696,2,c,1,1,-1,7,0,1,F.A=6,3,{},{},31,64,1,80,3,15,31
vCtrl,3.78122448979597,0,227,1,{},14,{},848,848,3,c,1,1,-1,3,0,1,E=2,{},{},{},31,64,1,80,3,14,31
vCtrl,3.7974149659864462,0,228,1,{},13,{},848,848,3,c,1,1,-1,4,0,1,D=3,{},{},{},31,64,1,80,3,13,31
vCtrl,3.814172335600959,0,229,1,{},12,{},848,848,3,c,1,1,-1,5,0,1,C=4,{},{},{},31,64,1,80,3,12,31
vCtrl,3.8305215419501657,0,230,1,{},11,{},848,848,3,c,1,1,-1,6,0,1,B=5,{},{},{},31,64,1,80,3,11,31
vCtrl,3.8470294784581025,0,231,1,{},10,{},848,848,3,c,1,1,0,7,-1,1,A=6,{},{},{},31,64,1,80,3,10,31
f2Ctrl,3.864716553288035,0,232,1,6,15,10,1696,848,3,c,1,1,-1,7,0,1,F.A=6,3,{},{},31,64,1,160,6,15,31
vCtrl,3.880430839002321,0,233,1,{},14,{},1696,1696,2,c,1,1,-1,3,0,1,E=2,{},{},{},31,64,1,160,6,14,31
vCtrl,3.8975283446712554,0,234,1,{},13,{},1696,1696,2,c,1,1,-1,4,0,1,D=3,{},{},{},31,64,1,160,6,13,31
vCtrl,3.913832199546539,0,235,1,{},12,{},1696,1696,2,c,1,1,-1,5,0,1,C=4,{},{},{},31,64,1,160,6,12,31
vCtrl,3.930294784580553,0,236,1,{},11,{},1696,1696,2,c,1,1,-1,6,0,1,B=5,{},{},{},31,64,1,160,6,11,31
vCtrl,3.9470294784581044,0,237,1,{},10,{},1696,1696,2,c,1,1,0,7,1,1,A=6,{},{},{},31,64,1,160,6,10,31
f2Ctrl,3.9642857142857695,0,238,1,6,15,10,848,1696,2,c,1,1,-1,7,0,1,F.A=6,3,{},{},31,64,1,80,3,15,31
vCtrl,3.9803628117914385,0,239,1,{},14,{},848,848,3,c,1,1,-1,3,0,1,E=2,{},{},{},31,64,1,80,3,14,31
vCtrl,3.9974376417234114,0,240,1,{},13,{},848,848,3,c,1,1,-1,4,0,1,D=3,{},{},{},31,64,1,80,3,13,31
vCtrl,4.0141723356009615,0,241,1,{},12,{},848,848,3,c,1,1,-1,5,0,1,C=4,{},{},{},31,64,1,80,3,12,31
vCtrl,4.030476190476245,0,242,1,{},11,{},848,848,3,c,1,1,-1,6,0,1,B=5,{},{},{},31,64,1,80,3,11,31
vCtrl,4.047165532879872,0,243,1,{},10,{},848,848,3,c,1,1,0,7,-1,1,A=6,{},{},{},31,64,1,80,3,10,31
f2Ctrl,4.065691609977377,0,244,1,6,15,10,1696,848,3,c,1,1,-1,7,0,1,F.A=6,3,{},{},31,64,1,160,6,15,31
vCtrl,4.080453514739281,0,245,1,{},14,{},1696,1696,2,c,1,1,-1,3,0,1,E=2,{},{},{},31,64,1,160,6,14,31
vCtrl,4.096893424036332,0,246,1,{},13,{},1696,1696,2,c,1,1,-1,4,0,1,D=3,{},{},{},31,64,1,160,6,13,31
vCtrl,4.113469387755152,0,247,1,{},12,{},1696,1696,2,c,1,1,-1,5,0,1,C=4,{},{},{},31,64,1,160,6,12,31
vCtrl,4.130702947845854,0,248,1,{},11,{},1696,1696,2,c,1,1,-1,6,0,1,B=5,{},{},{},31,64,1,160,6,11,31
vCtrl,4.146825396825444,0,249,1,{},10,{},1696,1696,2,c,1,1,0,7,1,1,A=6,{},{},{},31,64,1,160,6,10,31
f2Ctrl,4.164149659863992,0,250,1,6,15,10,848,1696,2,c,1,1,-1,7,0,1,F.A=6,3,{},{},31,64,1,80,3,15,31
vCtrl,4.18022675736966,0,251,1,{},14,{},848,848,3,c,1,1,-1,3,0,1,E=2,{},{},{},31,64,1,80,3,14,31
vCtrl,4.196938775510248,0,252,1,{},13,{},848,848,3,c,1,1,-1,4,0,1,D=3,{},{},{},31,64,1,80,3,13,31
vCtrl,4.213492063492107,0,253,1,{},12,{},848,848,3,c,1,1,-1,5,0,1,C=4,{},{},{},31,64,1,80,3,12,31
vCtrl,4.229909297052197,0,254,1,{},11,{},848,848,3,c,1,1,-1,6,0,1,B=5,{},{},{},31,64,1,80,3,11,31
vCtrl,4.247029478458091,0,255,1,{},10,{},848,848,3,c,1,1,0,7,-1,1,A=6,{},{},{},31,64,1,80,3,10,31
f2Ctrl,4.264104308390063,0,256,1,6,15,10,1696,848,3,c,1,1,-1,7,0,1,F.A=6,3,{},{},31,64,1,160,6,15,31
vCtrl,4.27936507936512,0,257,1,{},14,{},1696,1696,2,c,1,1,-1,3,0,1,E=2,{},{},{},31,64,1,160,6,14,31
vCtrl,4.296054421768748,0,258,1,{},13,{},1696,1696,2,c,1,1,-1,4,0,1,D=3,{},{},{},31,64,1,160,6,13,31
vCtrl,4.312743764172376,0,259,1,{},12,{},1696,1696,2,c,1,1,-1,5,0,1,C=4,{},{},{},31,64,1,160,6,12,31
vCtrl,4.329410430839043,0,260,1,{},11,{},1696,1696,2,c,1,1,-1,6,0,1,B=5,{},{},{},31,64,1,160,6,11,31
vCtrl,4.3460770975057095,0,261,1,{},10,{},1696,1696,2,c,1,1,0,7,1,1,A=6,{},{},{},31,64,1,160,6,10,31
f2Ctrl,4.363492063492103,0,262,1,6,15,10,848,1696,2,c,1,1,-1,7,0,1,F.A=6,3,{},{},31,64,1,80,3,15,31
vCtrl,4.379297052154235,0,263,1,{},14,{},848,848,3,c,1,1,-1,3,0,1,E=2,{},{},{},31,64,1,80,3,14,31
vCtrl,4.396009070294824,0,264,1,{},13,{},848,848,3,c,1,1,-1,4,0,1,D=3,{},{},{},31,64,1,80,3,13,31
vCtrl,4.412698412698452,0,265,1,{},12,{},848,848,3,c,1,1,-1,5,0,1,C=4,{},{},{},31,64,1,80,3,12,31
vCtrl,4.429297052154235,0,266,1,{},11,{},848,848,3,c,1,1,-1,6,0,1,B=5,{},{},{},31,64,1,80,3,11,31
vCtrl,4.445986394557863,0,267,1,{},10,{},848,848,3,c,1,1,0,7,-1,1,A=6,{},{},{},31,64,1,80,3,10,31
f2Ctrl,4.463514739229065,0,268,1,6,15,10,1696,848,3,c,1,1,-1,7,0,1,F.A=6,3,{},{},31,64,1,160,6,15,31
vCtrl,4.479047619047658,0,269,1,{},14,{},1696,1696,2,c,1,1,-1,3,0,1,E=2,{},{},{},31,64,1,160,6,14,31
vCtrl,4.495623582766479,0,270,1,{},13,{},1696,1696,2,c,1,1,-1,4,0,1,D=3,{},{},{},31,64,1,160,6,13,31
vCtrl,4.512312925170107,0,271,1,{},12,{},1696,1696,2,c,1,1,-1,5,0,1,C=4,{},{},{},31,64,1,160,6,12,31
vCtrl,4.528956916099813,0,272,1,{},11,{},1696,1696,2,c,1,1,-1,6,0,1,B=5,{},{},{},31,64,1,160,6,11,31
vCtrl,4.545646258503441,0,273,1,{},10,{},1696,1696,2,c,1,1,0,7,1,1,A=6,{},{},{},31,64,1,160,6,10,31
f2Ctrl,4.56297052154199,0,274,1,6,15,10,848,1696,2,c,1,1,-1,7,0,1,F.A=6,3,{},{},31,64,1,80,3,15,31
vCtrl,4.5790476190476594,0,275,1,{},14,{},848,848,3,c,1,1,-1,3,0,1,E=2,{},{},{},31,64,1,80,3,14,31
vCtrl,4.595736961451288,0,276,1,{},13,{},848,848,3,c,1,1,-1,4,0,1,D=3,{},{},{},31,64,1,80,3,13,31
vCtrl,4.6124489795918775,0,277,1,{},12,{},848,848,3,c,1,1,-1,5,0,1,C=4,{},{},{},31,64,1,80,3,12,31
vCtrl,4.629138321995505,0,278,1,{},11,{},848,848,3,c,1,1,-1,6,0,1,B=5,{},{},{},31,64,1,80,3,11,31
vCtrl,4.645827664399132,0,279,1,{},10,{},848,848,3,c,1,1,0,7,-1,1,A=6,{},{},{},31,64,1,80,3,10,31
f2Ctrl,4.664943310657634,0,280,1,6,15,10,1696,848,3,c,1,1,-1,7,0,1,F.A=6,3,{},{},31,64,1,160,6,15,31
vCtrl,4.679251700680309,0,281,1,{},14,{},1696,1696,2,c,1,1,-1,3,0,1,E=2,{},{},{},31,64,1,160,6,14,31
vCtrl,4.695941043083937,0,282,1,{},13,{},1696,1696,2,c,1,1,-1,4,0,1,D=3,{},{},{},31,64,1,160,6,13,31
vCtrl,4.712698412698448,0,283,1,{},12,{},1696,1696,2,c,1,1,-1,5,0,1,C=4,{},{},{},31,64,1,160,6,12,31
vCtrl,4.729342403628152,0,284,1,{},11,{},1696,1696,2,c,1,1,-1,6,0,1,B=5,{},{},{},31,64,1,160,6,11,31
vCtrl,4.746054421768741,0,285,1,{},10,{},1696,1696,2,c,1,1,5,7,0,1,A=6,{},{},{},31,64,1,160,6,10,31
vCtrl,4.763786848072596,0,286,1,{},15,{},1696,1696,2,c,1,1,-1,8,0,1,A=6.F=2,{},{},{},31,64,1,160,6,15,31
vCtrl,4.779455782312958,0,287,1,{},14,{},1696,1696,2,c,1,1,-1,9,0,1,A=6.F=2.E=2,{},{},{},31,64,1,160,6,14,31
vCtrl,4.796145124716586,0,288,1,{},13,{},1696,1696,2,c,1,1,-1,10,0,1,A=6.F=2.D=3,{},{},{},31,64,1,160,6,13,31
vCtrl,4.812857142857175,0,289,1,{},12,{},1696,1696,2,c,1,1,-1,11,0,1,A=6.F=2.C=4,{},{},{},31,64,1,160,6,12,31
vCtrl,4.829410430839034,0,290,58,{},11,{},1696,1696,2,c,1,1,-1,12,0,1,A=6.F=2.B=62,{},{},{},31,64,1,160,6,11,31
vCtrl,5.797278911564655,0,348,1,{},10,{},1696,1696,2,c,1,1,-1,13,0,1,A=6.F=2.A=63,{},{},{},31,64,1,160,6,10,31
vCtrl,5.813945578231322,0,349,1,{},9,{},1696,1696,2,c,1,1,-1,14,0,1,A=6.F=2.9=64,{},{},{},31,64,1,160,6,9,31
vCtrl,5.830657596371911,0,350,1,{},8,{},1696,1696,2,c,1,1,-1,15,0,1,A=6.F=2.8=65,{},{},{},31,64,1,160,6,8,31
vCtrl,5.847346938775538,0,351,1,{},7,{},1696,1696,2,c,1,1,0,16,-1,1,A=6.F=2.7=66,{},{},{},31,64,1,160,6,7,31
f2Ctrl,5.864285714285741,0,352,0,72,0,10,0,1696,2,c,1,1,0,16,0,1,F.A=6.F=2.7=66,5,{},{},31,64,1,0,0,0,31
enBit,5.864535147392317,0,352,0,0,0,{},0,0,1,r,0,1,{},{},{},1,{},{},{},{},31,64,1,0,0,0,0
f1Ctrl,0.00011337868480725628,1,0,0,0,0,0,224,0,1,r,0,0,7,0,3,1,{},{},{},{},0,0,0,224,0,0,0
vCtrl,0.0006122448979591842,1,0,0,{},7,{},224,224,4,b,0,0,0,2,0,1,{},{},{},{},0,0,0,224,0,7,0
enBit,0.0008616780045351482,1,0,0,0,7,0,224,224,4,b,1,0,0,2,0,1,{},{},{},{},0,0,0,224,0,7,31
enBit,0.0009297052154195021,1,0,0,0,7,7,224,224,4,b,0,0,0,2,0,1,{},{},{},{},0,0,0,224,0,7,0
enBit,0.001337868480725625,1,0,0,0,7,7,224,224,4,b,1,0,0,2,0,1,{},{},{},{},0,0,0,224,0,7,31
enBit,0.0013832199546485275,1,0,0,0,7,7,224,224,4,b,0,0,0,2,0,1,{},{},{},{},0,0,0,224,0,7,0
enBit,0.0017913832199546505,1,0,0,0,7,7,224,224,4,b,1,0,0,2,0,1,{},{},{},{},31,231,0,224,0,7,31
enBit,0.0018594104308390044,1,0,0,0,7,7,224,224,4,b,0,0,0,2,0,1,{},{},{},{},31,231,0,224,0,7,0
enBit,0.002244897959183676,1,0,0,0,7,7,224,224,4,b,1,0,0,2,0,1,{},{},{},{},31,231,0,224,0,7,31
enBit,0.0022902494331065787,1,0,0,0,7,7,224,224,4,b,0,0,0,2,0,1,{},{},{},{},31,231,0,224,0,7,0
enBit,0.0026984126984127017,1,0,4,0,7,7,224,224,4,b,1,0,0,2,0,1,7=4,{},{},{},31,231,0,224,0,7,31
f1Ctrl,0.06360544217687074,1,4,4,4,7,7,236,224,4,b,1,0,0,2,0,1,F,0,{},{},31,231,0,236,0,7,31
f1Ctrl,0.13015873015873014,1,8,4,4,7,7,252,236,4,a+,1,1,0,1,0,1,F,0,{},{},31,231,0,252,0,7,31
f2Ctrl,0.19684807256235826,1,12,4,4,7,7,264,252,4,a,1,1,0,1,0,1,F,0,{},{},31,231,0,8,1,7,31
f1Ctrl,0.2636961451247165,1,16,4,4,7,7,280,264,4,g+,1,1,0,1,0,1,F,0,{},{},31,231,0,24,1,7,31
f1Ctrl,0.33047619047619037,1,20,4,4,7,7,296,280,4,g,1,1,0,1,0,1,F,0,{},{},31,231,0,40,1,7,31
f1Ctrl,0.3971655328798185,1,24,4,4,7,7,316,296,4,f+,1,1,0,1,0,1,F,0,{},{},31,231,0,60,1,7,31
f1Ctrl,0.4637414965986393,1,28,4,4,7,7,336,316,4,f,1,1,0,1,0,1,F,0,{},{},31,231,0,80,1,7,31
f1Ctrl,0.5303401360544218,1,32,4,4,7,7,356,336,4,e,1,1,0,1,0,1,F,0,{},{},31,231,0,100,1,7,31
f1Ctrl,0.5969160997732427,1,36,4,4,7,7,376,356,4,d+,1,1,0,1,0,1,F,0,{},{},31,231,0,120,1,7,31
f1Ctrl,0.6641723356009072,1,40,4,4,7,7,400,376,4,d,1,1,0,1,0,1,F,0,{},{},31,231,0,144,1,7,31
f1Ctrl,0.7305668934240364,1,44,4,4,7,7,424,400,4,c+,1,1,0,1,-1,1,F,0,{},{},31,231,0,168,1,7,31
f1Ctrl,0.7974149659863947,1,48,16,4,7,7,448,424,4,c,1,1,1,1,-1,1,F,0,{},{},31,231,0,192,1,7,31
vCtrl,1.0653287981859416,1,64,16,{},8,{},448,448,3,b,1,1,-2,2,0,1,8=32,{},{},{},31,231,0,192,1,8,31
vCtrl,1.3323356009070308,1,80,12,{},6,{},448,448,3,b,1,1,-2,3,0,1,8=32.6=28,{},{},{},31,231,0,192,1,6,31
vCtrl,1.5317913832199568,1,92,9,{},4,{},448,448,3,b,1,1,0,4,1,1,8=32.4=37,{},{},{},31,231,0,192,1,4,31
f1Ctrl,1.6691383219954674,1,101,0,53,8,7,317,448,3,b,1,1,0,4,0,1,7.8=32.4=37,6,{},{},31,231,0,61,1,8,31
enBit,1.6694331065759664,1,101,0,0,8,4,317,317,4,f,0,1,0,2,0,1,{},{},{},{},31,231,0,61,1,8,0
enBit,1.6698412698412728,1,101,0,0,8,8,317,317,4,f,1,1,0,2,0,1,{},{},{},{},31,231,0,61,1,8,31
enBit,1.6698866213151957,1,101,0,0,8,8,317,317,4,f,0,1,0,2,0,1,{},{},{},{},31,231,0,61,1,8,0
enBit,1.670294784580502,1,101,0,0,8,8,317,317,4,f,1,1,0,2,0,1,{},{},{},{},31,16,3,61,1,8,31
enBit,1.6703628117913865,1,101,0,0,8,8,317,317,4,f,0,1,0,2,0,1,{},{},{},{},31,16,3,61,1,8,0
enBit,1.6707709750566928,1,101,0,0,8,8,317,317,4,f,1,1,0,2,0,1,{},{},{},{},31,16,3,61,1,8,31
enBit,1.6708163265306157,1,101,0,0,8,8,317,317,4,f,0,1,0,2,0,1,{},{},{},{},31,16,3,61,1,8,0
enBit,1.671224489795922,1,101,0,0,8,8,317,317,4,f,1,1,1,2,0,1,{},{},{},{},31,16,3,61,1,8,31
vCtrl,1.6807936507936545,1,101,1,{},9,{},317,317,4,f,1,1,1,3,0,1,9,{},{},{},31,16,3,61,1,9,31
vCtrl,1.6974829931972828,1,102,1,{},10,{},317,317,4,f,1,1,1,4,0,1,A=2,{},{},{},31,16,3,61,1,10,31
vCtrl,1.7142403628117953,1,103,1,{},11,{},317,317,4,f,1,1,-1,5,0,1,B=3,{},{},{},31,16,3,61,1,11,31
vCtrl,1.7308843537415006,1,104,1,{},10,{},317,317,4,f,1,1,-1,6,0,1,B=3.A=2,{},{},{},31,16,3,61,1,10,31
vCtrl,1.7475736961451287,1,105,1,{},9,{},317,317,4,f,1,1,-1,7,0,1,B=3.9=3,{},{},{},31,16,3,61,1,9,31
vCtrl,1.7648979591836775,1,106,1,{},8,{},317,317,4,f,1,1,-1,8,0,1,B=3.8=4,{},{},{},31,16,3,61,1,8,31
vCtrl,1.780997732426308,1,107,1,{},7,{},317,317,4,f,1,1,-1,9,0,1,B=3.7=5,{},{},{},31,16,3,61,1,7,31
vCtrl,1.7981859410430883,1,108,1,{},6,{},317,317,4,f,1,1,-1,10,0,1,B=3.6=6,{},{},{},31,16,3,61,1,6,31
vCtrl,1.814444444444449,1,109,1,{},5,{},317,317,4,f,1,1,-1,11,0,1,B=3.5=7,{},{},{},31,16,3,61,1,5,31
vCtrl,1.830725623582771,1,110,1,{},4,{},317,317,4,f,1,1,-1,12,0,1,B=3.4=8,{},{},{},31,16,3,61,1,4,31
vCtrl,1.847414965986399,1,111,23,{},3,{},317,317,4,f,1,1,-1,13,0,1,B=3.3=31,{},{},{},31,16,3,61,1,3,31
vCtrl,2.2307709750567,1,134,1,{},2,{},317,317,4,f,1,1,-1,14,0,1,B=3.2=32,{},{},{},31,16,3,61,1,2,31
vCtrl,2.2474603174603285,1,135,1,{},1,{},317,317,4,f,1,1,0,15,0,1,B=3.1=33,{},{},{},31,16,3,61,1,1,31
f1Ctrl,2.2659410430839118,1,136,1,35,8,8,425,317,4,f,1,1,1,15,0,1,8.B=3.1=33,7,{},{},31,16,3,169,1,8,31
vCtrl,2.280861678004547,1,137,1,{},9,{},425,425,4,c,1,1,1,3,0,1,9=2,{},{},{},31,16,3,169,1,9,31
vCtrl,2.297528344671214,1,138,1,{},10,{},425,425,4,c,1,1,1,4,0,1,A=3,{},{},{},31,16,3,169,1,10,31
vCtrl,2.314285714285727,1,139,1,{},11,{},425,425,4,c,1,1,-1,5,0,1,B=4,{},{},{},31,16,3,169,1,11,31
vCtrl,2.3308390022675867,1,140,1,{},10,{},425,425,4,c,1,1,-1,6,0,1,B=4.A=2,{},{},{},31,16,3,169,1,10,31
vCtrl,2.347528344671215,1,141,1,{},9,{},425,425,4,c,1,1,-1,7,0,1,B=4.9=3,{},{},{},31,16,3,169,1,9,31
vCtrl,2.3648072562358418,1,142,1,{},8,{},425,425,4,c,1,1,-1,8,0,1,B=4.8=4,{},{},{},31,16,3,169,1,8,31
vCtrl,2.380884353741511,1,143,1,{},7,{},425,425,4,c,1,1,-1,9,0,1,B=4.7=5,{},{},{},31,16,3,169,1,7,31
vCtrl,2.397392290249448,1,144,1,{},6,{},425,425,4,c,1,1,-1,10,0,1,B=4.6=6,{},{},{},31,16,3,169,1,6,31
vCtrl,2.4140816326530765,1,145,1,{},5,{},425,425,4,c,1,1,-1,11,0,1,B=4.5=7,{},{},{},31,16,3,169,1,5,31
vCtrl,2.4307482993197436,1,146,1,{},4,{},425,425,4,c,1,1,-1,12,0,1,B=4.4=8,{},{},{},31,16,3,169,1,4,31
vCtrl,2.4474603174603335,1,147,23,{},3,{},425,425,4,c,1,1,-1,13,0,1,B=4.3=31,{},{},{},31,16,3,169,1,3,31
vCtrl,2.830816326530639,1,170,1,{},2,{},425,425,4,c,1,1,-1,14,0,1,B=4.2=32,{},{},{},31,16,3,169,1,2,31
vCtrl,2.8475056689342675,1,171,1,{},1,{},425,425,4,c,1,1,0,15,0,1,B=4.1=33,{},{},{},31,16,3,169,1,1,31
f1Ctrl,2.8658276643991205,1,172,1,36,8,1,317,425,4,c,1,1,1,15,0,1,8.B=4.1=33,8,{},{},31,16,3,61,1,8,31
vCtrl,2.8807256235827943,1,173,1,{},9,{},317,317,4,f,1,1,1,3,0,1,9=2,{},{},{},31,16,3,61,1,9,31
vCtrl,2.8974376417233842,1,174,1,{},10,{},317,317,4,f,1,1,1,4,0,1,A=3,{},{},{},31,16,3,61,1,10,31
vCtrl,2.914195011337897,1,175,1,{},11,{},317,317,4,f,1,1,-1,5,0,1,B=4,{},{},{},31,16,3,61,1,11,31
vCtrl,2.9308390022676027,1,176,1,{},10,{},317,317,4,f,1,1,-1,6,0,1,B=4.A=2,{},{},{},31,16,3,61,1,10,31
vCtrl,2.9475283446712313,1,177,1,{},9,{},317,317,4,f,1,1,-1,7,0,1,B=4.9=3,{},{},{},31,16,3,61,1,9,31
vCtrl,2.9649433106576266,1,178,1,{},8,{},317,317,4,f,1,1,-1,8,0,1,B=4.8=4,{},{},{},31,16,3,61,1,8,31
vCtrl,2.981020408163296,1,179,1,{},7,{},317,317,4,f,1,1,-1,9,0,1,B=4.7=5,{},{},{},31,16,3,61,1,7,31
vCtrl,2.9976190476190787,1,180,1,{},6,{},317,317,4,f,1,1,-1,10,0,1,B=4.6=6,{},{},{},31,16,3,61,1,6,31
vCtrl,3.0143310657596687,1,181,1,{},5,{},317,317,4,f,1,1,-1,11,0,1,B=4.5=7,{},{},{},31,16,3,61,1,5,31
vCtrl,3.0309977324263357,1,182,1,{},4,{},317,317,4,f,1,1,-1,12,0,1,B=4.4=8,{},{},{},31,16,3,61,1,4,31
vCtrl,3.0476870748299643,1,183,23,{},3,{},317,317,4,f,1,1,-1,13,0,1,B=4.3=31,{},{},{},31,16,3,61,1,3,31
vCtrl,3.431405895691653,1,206,1,{},2,{},317,317,4,f,1,1,-1,14,0,1,B=4.2=32,{},{},{},31,16,3,61,1,2,31
vCtrl,3.4480952380952816,1,207,1,{},1,{},317,317,4,f,1,1,0,15,-1,1,B=4.1=33,{},{},{},31,16,3,61,1,1,31
f1Ctrl,3.466598639455826,1,208,1,36,1,1,493,317,4,f,1,1,0,15,0,1,8.B=4.1=33,8,{},{},31,16,3,237,1,1,31
f2Ctrl,3.467052154195055,1,209,0,1,8,1,237,493,3,a,1,1,1,1,0,1,F,0,{},{},31,16,3,237,0,8,31
vCtrl,3.482290249433151,1,209,1,{},9,{},237,237,4,a+,1,1,1,3,0,1,9,{},{},{},31,16,3,237,0,9,31
vCtrl,3.4983219954648974,1,210,1,{},10,{},237,237,4,a+,1,1,1,4,0,1,A=2,{},{},{},31,16,3,237,0,10,31
vCtrl,3.5150793650794103,1,211,1,{},11,{},237,237,4,a+,1,1,-1,5,0,1,B=3,{},{},{},31,16,3,237,0,11,31
vCtrl,3.531723356009116,1,212,1,{},10,{},237,237,4,a+,1,1,-1,6,0,1,B=3.A=2,{},{},{},31,16,3,237,0,10,31
vCtrl,3.548299319727937,1,213,1,{},9,{},237,237,4,a+,1,1,-1,7,0,1,B=3.9=3,{},{},{},31,16,3,237,0,9,31
vCtrl,3.565555555555602,1,214,1,{},8,{},237,237,4,a+,1,1,-1,8,0,1,B=3.8=4,{},{},{},31,16,3,237,0,8,31
vCtrl,3.58145124716558,1,215,1,{},7,{},237,237,4,a+,1,1,-1,9,0,1,B=3.7=5,{},{},{},31,16,3,237,0,7,31
vCtrl,3.5981405895692085,1,216,1,{},6,{},237,237,4,a+,1,1,-1,10,0,1,B=3.6=6,{},{},{},31,16,3,237,0,6,31
vCtrl,3.61487528344676,1,217,1,{},5,{},237,237,4,a+,1,1,-1,11,0,1,B=3.5=7,{},{},{},31,16,3,237,0,5,31
vCtrl,3.631247165532928,1,218,1,{},4,{},237,237,4,a+,1,1,-1,12,0,1,B=3.4=8,{},{},{},31,16,3,237,0,4,31
vCtrl,3.6479365079365564,1,219,23,{},3,{},237,237,4,a+,1,1,-1,13,0,1,B=3.3=31,{},{},{},31,16,3,237,0,3,31
vCtrl,4.030521541950168,1,242,1,{},2,{},237,237,4,a+,1,1,-1,14,0,1,B=3.2=32,{},{},{},31,16,3,237,0,2,31
vCtrl,4.047233560090756,1,243,1,{},1,{},237,237,4,a+,1,1,0,15,1,1,B=3.1=33,{},{},{},31,16,3,237,0,1,31
f1Ctrl,4.065759637188261,1,244,1,35,8,1,179,237,4,a+,1,1,1,15,0,1,8.B=3.1=33,7,{},{},31,16,3,179,0,8,31
vCtrl,4.080521541950165,1,245,1,{},9,{},179,179,5,d+,1,1,1,3,0,1,9=2,{},{},{},31,16,3,179,0,9,31
vCtrl,4.096961451247216,1,246,1,{},10,{},179,179,5,d+,1,1,1,4,0,1,A=3,{},{},{},31,16,3,179,0,10,31
vCtrl,4.113537414966036,1,247,1,{},11,{},179,179,5,d+,1,1,-1,5,0,1,B=4,{},{},{},31,16,3,179,0,11,31
vCtrl,4.130770975056738,1,248,1,{},10,{},179,179,5,d+,1,1,-1,6,0,1,B=4.A=2,{},{},{},31,16,3,179,0,10,31
vCtrl,4.146893424036328,1,249,1,{},9,{},179,179,5,d+,1,1,-1,7,0,1,B=4.9=3,{},{},{},31,16,3,179,0,9,31
vCtrl,4.164217687074876,1,250,1,{},8,{},179,179,5,d+,1,1,-1,8,0,1,B=4.8=4,{},{},{},31,16,3,179,0,8,31
vCtrl,4.180294784580544,1,251,1,{},7,{},179,179,5,d+,1,1,-1,9,0,1,B=4.7=5,{},{},{},31,16,3,179,0,7,31
vCtrl,4.196984126984171,1,252,1,{},6,{},179,179,5,d+,1,1,-1,10,0,1,B=4.6=6,{},{},{},31,16,3,179,0,6,31
vCtrl,4.213560090702991,1,253,1,{},5,{},179,179,5,d+,1,1,-1,11,0,1,B=4.5=7,{},{},{},31,16,3,179,0,5,31
vCtrl,4.229977324263081,1,254,1,{},4,{},179,179,5,d+,1,1,-1,12,0,1,B=4.4=8,{},{},{},31,16,3,179,0,4,31
vCtrl,4.247074829932014,1,255,23,{},3,{},179,179,5,d+,1,1,-1,13,0,1,B=4.3=31,{},{},{},31,16,3,179,0,3,31
vCtrl,4.629206349206389,1,278,1,{},2,{},179,179,5,d+,1,1,-1,14,0,1,B=4.2=32,{},{},{},31,16,3,179,0,2,31
vCtrl,4.645895691610016,1,279,1,{},1,{},179,179,5,d+,1,1,0,15,0,1,B=4.1=33,{},{},{},31,16,3,179,0,1,31
f1Ctrl,4.665011337868518,1,280,1,36,8,1,133,179,5,d+,1,1,1,15,0,1,8.B=4.1=33,8,{},{},31,16,3,133,0,8,31
vCtrl,4.679319727891193,1,281,1,{},9,{},133,133,5,g+,1,1,1,3,0,1,9=2,{},{},{},31,16,3,133,0,9,31
vCtrl,4.696009070294821,1,282,1,{},10,{},133,133,5,g+,1,1,1,4,0,1,A=3,{},{},{},31,16,3,133,0,10,31
vCtrl,4.712766439909332,1,283,1,{},11,{},133,133,5,g+,1,1,-1,5,0,1,B=4,{},{},{},31,16,3,133,0,11,31
vCtrl,4.729410430839036,1,284,1,{},10,{},133,133,5,g+,1,1,-1,6,0,1,B=4.A=2,{},{},{},31,16,3,133,0,10,31
vCtrl,4.746099773242664,1,285,1,{},9,{},133,133,5,g+,1,1,-1,7,0,1,B=4.9=3,{},{},{},31,16,3,133,0,9,31
vCtrl,4.763832199546519,1,286,1,{},8,{},133,133,5,g+,1,1,-1,8,0,1,B=4.8=4,{},{},{},31,16,3,133,0,8,31
vCtrl,4.779501133786881,1,287,1,{},7,{},133,133,5,g+,1,1,-1,9,0,1,B=4.7=5,{},{},{},31,16,3,133,0,7,31
vCtrl,4.7961904761905085,1,288,1,{},6,{},133,133,5,g+,1,1,-1,10,0,1,B=4.6=6,{},{},{},31,16,3,133,0,6,31
vCtrl,4.812925170068059,1,289,61,{},5,{},133,133,5,g+,1,1,-1,11,0,1,B=4.5=67,{},{},{},31,16,3,133,0,5,31
vCtrl,5.830725623582795,1,350,1,{},4,{},133,133,5,g+,1,1,-1,12,0,1,B=4.4=68,{},{},{},31,16,3,133,0,4,31
vCtrl,5.847392290249461,1,351,1,{},3,{},133,133,5,g+,1,1,0,13,-4,1,B=4.3=69,{},{},{},31,16,3,133,0,3,31
f1Ctrl,5.864331065759664,1,352,0,72,0,1,0,133,5,g+,1,1,0,13,0,1,8.B=4.3=69,9,{},{},31,16,3,0,0,0,31
enBit,5.864535147392317,1,352,0,0,0,{},0,0,1,r,0,1,{},{},{},1,{},{},{},{},31,16,3,0,0,0,0
f1Ctrl,0.00020408163265306129,2,0,0,0,0,0,224,0,1,r,0,0,0,0,1,1,{},{},{},{},0,0,0,224,0,0,0
f2Ctrl,0.000680272108843538,2,0,0,0,10,0,1504,224,4,b,0,0,0,1,0,1,{},{},{},{},0,0,0,224,5,10,0
enBit,0.0008616780045351482,2,0,0,0,10,0,1504,1504,2,d,1,0,0,2,0,1,{},{},{},{},0,0,0,224,5,10,31
enBit,0.0009297052154195021,2,0,0,0,10,10,1504,1504,2,d,0,0,0,2,0,1,{},{},{},{},0,0,0,224,5,10,0
enBit,0.001337868480725625,2,0,0,0,10,10,1504,1504,2,d,1,0,0,2,0,1,{},{},{},{},0,0,0,224,5,10,31
enBit,0.0013832199546485275,2,0,0,0,10,10,1504,1504,2,d,0,0,0,2,0,1,{},{},{},{},0,0,0,224,5,10,0
enBit,0.0017913832199546505,2,0,0,0,10,10,1504,1504,2,d,1,0,0,2,0,1,{},{},{},{},0,0,0,224,5,10,31
enBit,0.0018594104308390044,2,0,0,0,10,10,1504,1504,2,d,0,0,0,2,0,1,{},{},{},{},0,0,0,224,5,10,0
enBit,0.002244897959183676,2,0,0,0,10,10,1504,1504,2,d,1,0,0,2,0,1,{},{},{},{},31,64,1,224,5,10,31
enBit,0.0022902494331065787,2,0,0,0,10,10,1504,1504,2,d,0,0,0,2,0,1,{},{},{},{},31,64,1,224,5,10,0
enBit,0.0026984126984127017,2,0,10,0,10,10,1504,1504,2,d,1,0,0,2,0,1,A=10,{},{},{},31,64,1,224,5,10,31
f1Ctrl,0.16215419501133785,2,10,30,10,10,10,1344,1504,2,d,1,0,0,2,0,1,F,0,{},{},31,64,1,64,5,10,31
f1Ctrl,0.664263038548753,2,40,10,30,10,10,1504,1344,2,e,1,1,0,1,0,1,F,0,{},{},31,64,1,224,5,10,31
f1Ctrl,0.8292970521541952,2,50,10,10,10,10,1344,1504,2,d,1,1,-1,1,0,1,F,0,{},{},31,64,1,64,5,10,31
vCtrl,0.9973922902494334,2,60,10,{},9,{},1344,1344,2,e,1,1,-1,2,0,1,9=20,{},{},{},31,64,1,64,5,9,31
vCtrl,1.1632426303854884,2,70,10,{},8,{},1344,1344,2,e,1,1,-1,3,0,1,8=30,{},{},{},31,64,1,64,5,8,31
vCtrl,1.3324036281179152,2,80,10,{},7,{},1344,1344,2,e,1,1,-1,4,0,1,7=40,{},{},{},31,64,1,64,5,7,31
vCtrl,1.4970068027210903,2,90,11,{},6,{},1344,1344,2,e,1,1,0,5,2,1,6=51,{},{},{},31,64,1,64,5,6,31
f2Ctrl,1.6692063492063518,2,101,0,51,8,10,236,1344,2,e,1,1,0,5,0,1,A.6=51,10,{},{},31,64,1,236,0,8,31
enBit,1.6694331065759664,2,101,0,0,8,6,236,236,4,a+,0,1,0,2,0,1,{},{},{},{},31,64,1,236,0,8,0
enBit,1.6698412698412728,2,101,0,0,8,8,236,236,4,a+,1,1,0,2,0,1,{},{},{},{},31,64,1,236,0,8,31
enBit,1.6698866213151957,2,101,0,0,8,8,236,236,4,a+,0,1,0,2,0,1,{},{},{},{},31,64,1,236,0,8,0
enBit,1.670294784580502,2,101,0,0,8,8,236,236,4,a+,1,1,0,2,0,1,{},{},{},{},31,64,1,236,0,8,31
enBit,1.6703628117913865,2,101,0,0,8,8,236,236,4,a+,0,1,0,2,0,1,{},{},{},{},31,64,1,236,0,8,0
enBit,1.6707709750566928,2,101,0,0,8,8,236,236,4,a+,1,1,0,2,0,1,{},{},{},{},31,16,3,236,0,8,31
enBit,1.6708163265306157,2,101,0,0,8,8,236,236,4,a+,0,1,0,2,0,1,{},{},{},{},31,16,3,236,0,8,0
enBit,1.671224489795922,2,101,0,0,8,8,236,236,4,a+,1,1,1,2,0,1,{},{},{},{},31,16,3,236,0,8,31
vCtrl,1.6808390022675774,2,101,1,{},9,{},236,236,4,a+,1,1,-1,3,0,1,9,{},{},{},31,16,3,236,0,9,31
vCtrl,1.6975283446712057,2,102,1,{},8,{},236,236,4,a+,1,1,-1,4,0,1,9.8=2,{},{},{},31,16,3,236,0,8,31
vCtrl,1.7143083900226797,2,103,1,{},7,{},236,236,4,a+,1,1,-1,5,0,1,9.7=3,{},{},{},31,16,3,236,0,7,31
vCtrl,1.730952380952385,2,104,1,{},6,{},236,236,4,a+,1,1,-1,6,0,1,9.6=4,{},{},{},31,16,3,236,0,6,31
vCtrl,1.747641723356013,2,105,1,{},5,{},236,236,4,a+,1,1,-1,7,0,1,9.5=5,{},{},{},31,16,3,236,0,5,31
vCtrl,1.764965986394562,2,106,1,{},4,{},236,236,4,a+,1,1,-1,8,0,1,9.4=6,{},{},{},31,16,3,236,0,4,31
vCtrl,1.781043083900231,2,107,1,{},3,{},236,236,4,a+,1,1,-1,9,0,1,9.3=7,{},{},{},31,16,3,236,0,3,31
vCtrl,1.7982312925170112,2,108,1,{},2,{},236,236,4,a+,1,1,-1,10,0,1,9.2=8,{},{},{},31,16,3,236,0,2,31
vCtrl,1.8145124716553334,2,109,1,{},1,{},236,236,4,a+,1,1,-1,11,0,1,9.1=9,{},{},{},31,16,3,236,0,1,31
vCtrl,1.8307709750566938,2,110,2,{},0,{},236,236,4,a+,1,1,8,12,0,1,9.0=11,{},{},{},31,16,3,236,0,0,31
vCtrl,1.8652380952380998,2,112,1,{},8,{},236,236,4,a+,1,1,1,13,0,1,9.0=11.8=3,{},{},{},31,16,3,236,0,8,31
vCtrl,1.8807709750566939,2,113,1,{},9,{},236,236,4,a+,1,1,-1,14,0,1,9.0=11.9=4,{},{},{},31,16,3,236,0,9,31
vCtrl,1.897414965986399,2,114,1,{},8,{},236,236,4,a+,1,1,-1,15,0,1,9.0=11.9=4.8=2,{},{},{},31,16,3,236,0,8,31
vCtrl,1.914104308390027,2,115,1,{},7,{},236,236,4,a+,1,1,-1,16,0,1,9.0=11.9=4.7=3,{},{},{},31,16,3,236,0,7,31
vCtrl,1.9305895691610022,2,116,1,{},6,{},236,236,4,a+,1,1,-1,17,0,1,9.0=11.9=4.6=4,{},{},{},31,16,3,236,0,6,31
vCtrl,1.9472789115646303,2,117,1,{},5,{},236,236,4,a+,1,1,-1,18,0,1,9.0=11.9=4.5=5,{},{},{},31,16,3,236,0,5,31
vCtrl,1.964739229024948,2,118,1,{},4,{},236,236,4,a+,1,1,-1,19,0,1,9.0=11.9=4.4=6,{},{},{},31,16,3,236,0,4,31
vCtrl,1.9808163265306167,2,119,1,{},3,{},236,236,4,a+,1,1,-1,20,0,1,9.0=11.9=4.3=7,{},{},{},31,16,3,236,0,3,31
vCtrl,1.997369614512476,2,120,1,{},2,{},236,236,4,a+,1,1,-1,21,0,1,9.0=11.9=4.2=8,{},{},{},31,16,3,236,0,2,31
vCtrl,2.014081632653066,2,121,25,{},1,{},236,236,4,a+,1,1,-1,22,0,1,9.0=11.9=4.1=33,{},{},{},31,16,3,236,0,1,31
vCtrl,2.430816326530628,2,146,2,{},0,{},236,236,4,a+,1,1,0,23,0,1,9.0=11.9=4.0=35,{},{},{},31,16,3,236,0,0,31
f2Ctrl,2.4653061224489967,2,148,1,47,8,8,316,236,4,a+,1,1,1,23,0,1,8.9.0=11.9=4.0=35,11,{},{},31,16,3,60,1,8,31
vCtrl,2.4808616780045525,2,149,1,{},9,{},316,316,4,f,1,1,-1,3,0,1,9=2,{},{},{},31,16,3,60,1,9,31
vCtrl,2.497460317460335,2,150,1,{},8,{},316,316,4,f,1,1,-1,4,0,1,9=2.8=2,{},{},{},31,16,3,60,1,8,31
vCtrl,2.514172335600925,2,151,1,{},7,{},316,316,4,f,1,1,-1,5,0,1,9=2.7=3,{},{},{},31,16,3,60,1,7,31
vCtrl,2.5308163265306307,2,152,1,{},6,{},316,316,4,f,1,1,-1,6,0,1,9=2.6=4,{},{},{},31,16,3,60,1,6,31
vCtrl,2.5475056689342592,2,153,1,{},5,{},316,316,4,f,1,1,-1,7,0,1,9=2.5=5,{},{},{},31,16,3,60,1,5,31
vCtrl,2.5648299319728087,2,154,1,{},4,{},316,316,4,f,1,1,-1,8,0,1,9=2.4=6,{},{},{},31,16,3,60,1,4,31
vCtrl,2.580907029478478,2,155,1,{},3,{},316,316,4,f,1,1,-1,9,0,1,9=2.3=7,{},{},{},31,16,3,60,1,3,31
vCtrl,2.5975963718821067,2,156,1,{},2,{},316,316,4,f,1,1,-1,10,0,1,9=2.2=8,{},{},{},31,16,3,60,1,2,31
vCtrl,2.6143083900226967,2,157,25,{},1,{},316,316,4,f,1,1,-1,11,0,1,9=2.1=33,{},{},{},31,16,3,60,1,1,31
vCtrl,3.0310430839002587,2,182,2,{},0,{},316,316,4,f,1,1,0,12,0,1,9=2.0=35,{},{},{},31,16,3,60,1,0,31
f2Ctrl,3.0654421768707816,2,184,1,36,8,0,236,316,4,f,1,1,1,12,0,1,8.9=2.0=35,12,{},{},31,16,3,236,0,8,31
vCtrl,3.0809977324263373,2,185,1,{},9,{},236,236,4,a+,1,1,-1,3,0,1,9=2,{},{},{},31,16,3,236,0,9,31
vCtrl,3.097687074829966,2,186,1,{},8,{},236,236,4,a+,1,1,-1,4,0,1,9=2.8=2,{},{},{},31,16,3,236,0,8,31
vCtrl,3.114399092970556,2,187,1,{},7,{},236,236,4,a+,1,1,-1,5,0,1,9=2.7=3,{},{},{},31,16,3,236,0,7,31
vCtrl,3.1311337868481073,2,188,1,{},6,{},236,236,4,a+,1,1,-1,6,0,1,9=2.6=4,{},{},{},31,16,3,236,0,6,31
vCtrl,3.147823129251736,2,189,1,{},5,{},236,236,4,a+,1,1,-1,7,0,1,9=2.5=5,{},{},{},31,16,3,236,0,5,31
vCtrl,3.1650566893424394,2,190,1,{},4,{},236,236,4,a+,1,1,-1,8,0,1,9=2.4=6,{},{},{},31,16,3,236,0,4,31
vCtrl,3.181133786848109,2,191,1,{},3,{},236,236,4,a+,1,1,-1,9,0,1,9=2.3=7,{},{},{},31,16,3,236,0,3,31
vCtrl,3.1978231292517374,2,192,1,{},2,{},236,236,4,a+,1,1,-1,10,0,1,9=2.2=8,{},{},{},31,16,3,236,0,2,31
vCtrl,3.2145351473923274,2,193,25,{},1,{},236,236,4,a+,1,1,-1,11,0,1,9=2.1=33,{},{},{},31,16,3,236,0,1,31
vCtrl,3.631292517006851,2,218,2,{},0,{},236,236,4,a+,1,1,0,12,1,1,9=2.0=35,{},{},{},31,16,3,236,0,0,31
f1Ctrl,3.6656916099773738,2,220,1,36,8,0,178,236,4,a+,1,1,1,12,0,1,8.9=2.0=35,12,{},{},31,16,3,178,0,8,31
vCtrl,3.681315192743814,2,221,1,{},9,{},178,178,5,d+,1,1,-1,3,0,1,9=2,{},{},{},31,16,3,178,0,9,31
vCtrl,3.697936507936558,2,222,1,{},8,{},178,178,5,d+,1,1,-1,4,0,1,9=2.8=2,{},{},{},31,16,3,178,0,8,31
vCtrl,3.714444444444495,2,223,1,{},7,{},178,178,5,d+,1,1,-1,5,0,1,9=2.7=3,{},{},{},31,16,3,178,0,7,31
vCtrl,3.7314965986395063,2,224,1,{},6,{},178,178,5,d+,1,1,-1,6,0,1,9=2.6=4,{},{},{},31,16,3,178,0,6,31
vCtrl,3.74780045351479,2,225,1,{},5,{},178,178,5,d+,1,1,-1,7,0,1,9=2.5=5,{},{},{},31,16,3,178,0,5,31
vCtrl,3.7651247165533395,2,226,1,{},4,{},178,178,5,d+,1,1,-1,8,0,1,9=2.4=6,{},{},{},31,16,3,178,0,4,31
vCtrl,3.781315192743816,2,227,1,{},3,{},178,178,5,d+,1,1,-1,9,0,1,9=2.3=7,{},{},{},31,16,3,178,0,3,31
vCtrl,3.797505668934292,2,228,1,{},2,{},178,178,5,d+,1,1,-1,10,0,1,9=2.2=8,{},{},{},31,16,3,178,0,2,31
vCtrl,3.814263038548805,2,229,25,{},1,{},178,178,5,d+,1,1,-1,11,0,1,9=2.1=33,{},{},{},31,16,3,178,0,1,31
vCtrl,4.230045351473965,2,254,2,{},0,{},178,178,5,d+,1,1,0,12,0,1,9=2.0=35,{},{},{},31,16,3,178,0,0,31
f1Ctrl,4.264195011337909,2,256,1,36,8,0,132,178,5,d+,1,1,1,12,0,1,8.9=2.0=35,12,{},{},31,16,3,132,0,8,31
vCtrl,4.279455782312966,2,257,1,{},9,{},132,132,5,g+,1,1,-1,3,0,1,9=2,{},{},{},31,16,3,132,0,9,31
vCtrl,4.296145124716594,2,258,1,{},8,{},132,132,5,g+,1,1,-1,4,0,1,9=2.8=2,{},{},{},31,16,3,132,0,8,31
vCtrl,4.312834467120222,2,259,1,{},7,{},132,132,5,g+,1,1,-1,5,0,1,9=2.7=3,{},{},{},31,16,3,132,0,7,31
vCtrl,4.329501133786889,2,260,1,{},6,{},132,132,5,g+,1,1,-1,6,0,1,9=2.6=4,{},{},{},31,16,3,132,0,6,31
vCtrl,4.346190476190516,2,261,1,{},5,{},132,132,5,g+,1,1,-1,7,0,1,9=2.5=5,{},{},{},31,16,3,132,0,5,31
vCtrl,4.363582766439949,2,262,1,{},4,{},132,132,5,g+,1,1,-1,8,0,1,9=2.4=6,{},{},{},31,16,3,132,0,4,31
vCtrl,4.379410430839042,2,263,1,{},3,{},132,132,5,g+,1,1,-1,9,0,1,9=2.3=7,{},{},{},31,16,3,132,0,3,31
vCtrl,4.396099773242669,2,264,1,{},2,{},132,132,5,g+,1,1,-1,10,0,1,9=2.2=8,{},{},{},31,16,3,132,0,2,31
vCtrl,4.412789115646298,2,265,25,{},1,{},132,132,5,g+,1,1,-1,11,0,1,9=2.1=33,{},{},{},31,16,3,132,0,1,31
vCtrl,4.82950113378688,2,290,2,{},0,{},132,132,5,g+,1,1,0,12,1,1,9=2.0=35,{},{},{},31,16,3,132,0,0,31
f1Ctrl,4.863356009070326,2,292,1,36,8,0,100,132,5,g+,1,1,1,12,0,1,8.9=2.0=35,12,{},{},31,16,3,100,0,8,31
vCtrl,4.879478458049918,2,293,1,{},9,{},100,100,6,c+,1,1,-1,3,0,1,9=2,{},{},{},31,16,3,100,0,9,31
vCtrl,4.896167800453545,2,294,1,{},8,{},100,100,6,c+,1,1,-1,4,0,1,9=2.8=2,{},{},{},31,16,3,100,0,8,31
vCtrl,4.912857142857173,2,295,1,{},7,{},100,100,6,c+,1,1,-1,5,0,1,9=2.7=3,{},{},{},31,16,3,100,0,7,31
vCtrl,4.929546485260801,2,296,1,{},6,{},100,100,6,c+,1,1,-1,6,0,1,9=2.6=4,{},{},{},31,16,3,100,0,6,31
vCtrl,4.946235827664428,2,297,1,{},5,{},100,100,6,c+,1,1,-1,7,0,1,9=2.5=5,{},{},{},31,16,3,100,0,5,31
vCtrl,4.962925170068056,2,298,1,{},4,{},100,100,6,c+,1,1,-1,8,0,1,9=2.4=6,{},{},{},31,16,3,100,0,4,31
vCtrl,4.9796145124716835,2,299,47,{},3,{},100,100,6,c+,1,1,-1,9,0,1,9=2.3=53,{},{},{},31,16,3,100,0,3,31
vCtrl,5.763945578231321,2,346,1,{},2,{},100,100,6,c+,1,1,-1,10,0,1,9=2.2=54,{},{},{},31,16,3,100,0,2,31
vCtrl,5.78063492063495,2,347,1,{},1,{},100,100,6,c+,1,1,-1,11,0,1,9=2.1=55,{},{},{},31,16,3,100,0,1,31
vCtrl,5.797369614512501,2,348,4,{},0,{},100,100,6,c+,1,1,0,12,-5,1,9=2.0=59,{},{},{},31,16,3,100,0,0,31
f1Ctrl,5.864535147392317,2,352,0,60,0,0,0,100,6,c+,0,1,{},12,{},1,8.9=2.0=59,13,{},{},31,16,3,0,0,0,0
f1Ctrl,0.00031746031746031757,3,0,0,0,0,0,81,0,1,r,0,0,0,0,3,1,{},{},{},{},0,0,0,81,0,0,0
f2Ctrl,0.0007256235827664406,3,0,0,0,7,0,337,81,6,e,0,0,0,1,0,1,{},{},{},{},0,0,0,81,1,7,0
enBit,0.0008616780045351482,3,0,0,0,7,0,337,337,4,e,1,0,0,2,0,1,{},{},{},{},0,0,0,81,1,7,31
enBit,0.0009297052154195021,3,0,0,0,7,7,337,337,4,e,0,0,0,2,0,1,{},{},{},{},0,0,0,81,1,7,0
enBit,0.001337868480725625,3,0,0,0,7,7,337,337,4,e,1,0,0,2,0,1,{},{},{},{},0,0,0,81,1,7,31
enBit,0.0013832199546485275,3,0,0,0,7,7,337,337,4,e,0,0,0,2,0,1,{},{},{},{},0,0,0,81,1,7,0
enBit,0.0017913832199546505,3,0,0,0,7,7,337,337,4,e,1,0,0,2,0,1,{},{},{},{},0,0,0,81,1,7,31
enBit,0.0018594104308390044,3,0,0,0,7,7,337,337,4,e,0,0,0,2,0,1,{},{},{},{},0,0,0,81,1,7,0
enBit,0.002244897959183676,3,0,0,0,7,7,337,337,4,e,1,0,0,2,0,1,{},{},{},{},0,0,0,81,1,7,31
enBit,0.0022902494331065787,3,0,0,0,7,7,337,337,4,e,0,0,0,2,0,1,{},{},{},{},0,0,0,81,1,7,0
enBit,0.0026984126984127017,3,0,4,0,7,7,337,337,4,e,1,0,0,2,-1,1,7=4,{},{},{},31,1,2,81,1,7,31
f1Ctrl,0.06360544217687074,3,4,4,4,7,7,449,337,4,e,1,0,0,2,0,1,F,0,{},{},31,1,2,193,1,7,31
f1Ctrl,0.1303174603174603,3,8,4,4,7,7,337,449,3,b,1,1,0,1,1,1,F,0,{},{},31,1,2,81,1,7,31
f1Ctrl,0.19698412698412696,3,12,4,4,7,7,297,337,4,e,1,1,0,1,-1,1,F,0,{},{},31,1,2,41,1,7,31
f1Ctrl,0.26385487528344664,3,16,4,4,7,7,449,297,4,f+,1,1,0,1,0,1,F,0,{},{},31,1,2,193,1,7,31
f1Ctrl,0.3306349206349205,3,20,4,4,7,7,297,449,3,b,1,1,0,1,2,1,F,0,{},{},31,1,2,41,1,7,31
f2Ctrl,0.3972108843537414,3,24,4,4,7,7,169,297,4,f+,1,1,0,1,0,1,F,0,{},{},31,1,2,169,0,7,31
f1Ctrl,0.4637414965986393,3,28,4,4,7,7,225,169,5,e,1,1,0,1,0,1,F,0,{},{},31,1,2,225,0,7,31
f1Ctrl,0.5304988662131519,3,32,4,4,7,7,169,225,4,b,1,1,0,1,1,1,F,0,{},{},31,1,2,169,0,7,31
f1Ctrl,0.5970748299319728,3,36,4,4,7,7,149,169,5,e,1,1,0,1,-1,1,F,0,{},{},31,1,2,149,0,7,31
f1Ctrl,0.6643537414965989,3,40,4,4,7,7,225,149,5,f+,1,1,0,1,0,1,F,0,{},{},31,1,2,225,0,7,31
f1Ctrl,0.7307256235827665,3,44,4,4,7,7,149,225,4,b,1,1,0,1,0,1,F,0,{},{},31,1,2,149,0,7,31
f1Ctrl,0.7975736961451249,3,48,4,4,7,7,225,149,5,f+,1,1,0,1,0,1,F,0,{},{},31,1,2,225,0,7,31
f1Ctrl,0.8635147392290251,3,52,4,4,7,7,169,225,4,b,1,1,0,1,1,1,F,0,{},{},31,1,2,169,0,7,31
f1Ctrl,0.9301360544217689,3,56,4,4,7,7,149,169,5,e,1,1,0,1,0,1,F,0,{},{},31,1,2,149,0,7,31
f1Ctrl,0.9973015873015876,3,60,4,4,7,7,113,149,5,f+,1,1,0,1,-1,1,F,0,{},{},31,1,2,113,0,7,31
f1Ctrl,1.0654195011337875,3,64,4,4,5,7,225,113,5,b,1,1,0,1,1,1,F,0,{},{},31,1,2,225,0,5,31
f1Ctrl,1.1303401360544225,3,68,4,4,5,7,169,225,4,b,1,1,0,2,1,1,F,0,{},{},31,1,2,169,0,5,31
f1Ctrl,1.1969614512471665,3,72,4,4,5,5,149,169,5,e,1,1,0,1,0,1,F,0,{},{},31,1,2,149,0,5,31
f1Ctrl,1.263718820861679,3,76,4,4,5,5,113,149,5,f+,1,1,0,1,-1,1,F,0,{},{},31,1,2,113,0,5,31
f1Ctrl,1.3324716553287996,3,80,4,4,2,5,225,113,5,b,1,1,0,1,1,1,F,0,{},{},31,1,2,225,0,2,31
f1Ctrl,1.3973469387755117,3,84,4,4,2,5,169,225,4,b,1,1,0,2,1,1,F,0,{},{},31,1,2,169,0,2,31
f1Ctrl,1.4639682539682557,3,88,4,4,2,2,149,169,5,e,1,1,0,1,0,1,F,0,{},{},31,1,2,149,0,2,31
f1Ctrl,1.5315419501133807,3,92,9,4,2,2,113,149,5,f+,1,1,0,1,-1,1,F,0,{},{},31,1,2,113,0,2,31
f1Ctrl,1.6692743764172362,3,101,0,9,8,2,236,113,5,b,1,1,0,1,0,1,F,0,{},{},31,1,2,236,0,8,31
enBit,1.6694331065759664,3,101,0,0,8,2,236,236,4,a+,0,1,0,2,0,1,{},{},{},{},31,1,2,236,0,8,0
enBit,1.6698412698412728,3,101,0,0,8,8,236,236,4,a+,1,1,0,2,0,1,{},{},{},{},31,1,2,236,0,8,31
enBit,1.6698866213151957,3,101,0,0,8,8,236,236,4,a+,0,1,0,2,0,1,{},{},{},{},31,1,2,236,0,8,0
enBit,1.670294784580502,3,101,0,0,8,8,236,236,4,a+,1,1,0,2,0,1,{},{},{},{},31,1,2,236,0,8,31
enBit,1.6703628117913865,3,101,0,0,8,8,236,236,4,a+,0,1,0,2,0,1,{},{},{},{},31,1,2,236,0,8,0
enBit,1.6707709750566928,3,101,0,0,8,8,236,236,4,a+,1,1,0,2,0,1,{},{},{},{},31,1,2,236,0,8,31
enBit,1.6708163265306157,3,101,0,0,8,8,236,236,4,a+,0,1,0,2,0,1,{},{},{},{},31,1,2,236,0,8,0
enBit,1.671224489795922,3,101,0,0,8,8,236,236,4,a+,1,1,1,2,0,1,{},{},{},{},31,16,3,236,0,8,31
vCtrl,1.6809070294784618,3,101,1,{},9,{},236,236,4,a+,1,1,1,3,0,1,9,{},{},{},31,16,3,236,0,9,31
vCtrl,1.6975963718820901,3,102,1,{},10,{},236,236,4,a+,1,1,1,4,0,1,A=2,{},{},{},31,16,3,236,0,10,31
vCtrl,1.7143537414966026,3,103,1,{},11,{},236,236,4,a+,1,1,-1,5,0,1,B=3,{},{},{},31,16,3,236,0,11,31
vCtrl,1.7310204081632694,3,104,1,{},10,{},236,236,4,a+,1,1,-1,6,0,1,B=3.A=2,{},{},{},31,16,3,236,0,10,31
vCtrl,1.7477097505668975,3,105,1,{},9,{},236,236,4,a+,1,1,-1,7,0,1,B=3.9=3,{},{},{},31,16,3,236,0,9,31
vCtrl,1.7650340136054463,3,106,1,{},8,{},236,236,4,a+,1,1,-1,8,0,1,B=3.8=4,{},{},{},31,16,3,236,0,8,31
vCtrl,1.7811111111111153,3,107,1,{},7,{},236,236,4,a+,1,1,-1,9,0,1,B=3.7=5,{},{},{},31,16,3,236,0,7,31
vCtrl,1.7982993197278956,3,108,1,{},6,{},236,236,4,a+,1,1,-1,10,0,1,B=3.6=6,{},{},{},31,16,3,236,0,6,31
vCtrl,1.8145804988662178,3,109,1,{},5,{},236,236,4,a+,1,1,-1,11,0,1,B=3.5=7,{},{},{},31,16,3,236,0,5,31
vCtrl,1.8308390022675782,3,110,1,{},4,{},236,236,4,a+,1,1,-1,12,0,1,B=3.4=8,{},{},{},31,16,3,236,0,4,31
vCtrl,1.8475056689342448,3,111,23,{},3,{},236,236,4,a+,1,1,-1,13,0,1,B=3.3=31,{},{},{},31,16,3,236,0,3,31
vCtrl,2.230861678004546,3,134,1,{},2,{},236,236,4,a+,1,1,-1,14,0,1,B=3.2=32,{},{},{},31,16,3,236,0,2,31
vCtrl,2.2475510204081743,3,135,1,{},1,{},236,236,4,a+,1,1,0,15,0,1,B=3.1=33,{},{},{},31,16,3,236,0,1,31
f2Ctrl,2.266054421768719,3,136,1,35,8,8,316,236,4,a+,1,1,1,15,0,1,8.B=3.1=33,7,{},{},31,16,3,60,1,8,31
vCtrl,2.280952380952393,3,137,1,{},9,{},316,316,4,f,1,1,1,3,0,1,9=2,{},{},{},31,16,3,60,1,9,31
vCtrl,2.29761904761906,3,138,1,{},10,{},316,316,4,f,1,1,1,4,0,1,A=3,{},{},{},31,16,3,60,1,10,31
vCtrl,2.314376417233573,3,139,1,{},11,{},316,316,4,f,1,1,-1,5,0,1,B=4,{},{},{},31,16,3,60,1,11,31
vCtrl,2.3309297052154325,3,140,1,{},10,{},316,316,4,f,1,1,-1,6,0,1,B=4.A=2,{},{},{},31,16,3,60,1,10,31
vCtrl,2.347619047619061,3,141,1,{},9,{},316,316,4,f,1,1,-1,7,0,1,B=4.9=3,{},{},{},31,16,3,60,1,9,31
vCtrl,2.3648979591836876,3,142,1,{},8,{},316,316,4,f,1,1,-1,8,0,1,B=4.8=4,{},{},{},31,16,3,60,1,8,31
vCtrl,2.380975056689357,3,143,1,{},7,{},316,316,4,f,1,1,-1,9,0,1,B=4.7=5,{},{},{},31,16,3,60,1,7,31
vCtrl,2.397482993197294,3,144,1,{},6,{},316,316,4,f,1,1,-1,10,0,1,B=4.6=6,{},{},{},31,16,3,60,1,6,31
vCtrl,2.414195011337884,3,145,1,{},5,{},316,316,4,f,1,1,-1,11,0,1,B=4.5=7,{},{},{},31,16,3,60,1,5,31
vCtrl,2.4308843537415123,3,146,1,{},4,{},316,316,4,f,1,1,-1,12,0,1,B=4.4=8,{},{},{},31,16,3,60,1,4,31
vCtrl,2.4475510204081794,3,147,23,{},3,{},316,316,4,f,1,1,-1,13,0,1,B=4.3=31,{},{},{},31,16,3,60,1,3,31
vCtrl,2.830907029478485,3,170,1,{},2,{},316,316,4,f,1,1,-1,14,0,1,B=4.2=32,{},{},{},31,16,3,60,1,2,31
vCtrl,2.8475963718821133,3,171,1,{},1,{},316,316,4,f,1,1,0,15,0,1,B=4.1=33,{},{},{},31,16,3,60,1,1,31
f2Ctrl,2.8659183673469664,3,172,1,36,8,1,236,316,4,f,1,1,1,15,0,1,8.B=4.1=33,8,{},{},31,16,3,236,0,8,31
vCtrl,2.8808390022676016,3,173,1,{},9,{},236,236,4,a+,1,1,1,3,0,1,9=2,{},{},{},31,16,3,236,0,9,31
vCtrl,2.89752834467123,3,174,1,{},10,{},236,236,4,a+,1,1,1,4,0,1,A=3,{},{},{},31,16,3,236,0,10,31
vCtrl,2.914285714285743,3,175,1,{},11,{},236,236,4,a+,1,1,-1,5,0,1,B=4,{},{},{},31,16,3,236,0,11,31
vCtrl,2.9309297052154486,3,176,1,{},10,{},236,236,4,a+,1,1,-1,6,0,1,B=4.A=2,{},{},{},31,16,3,236,0,10,31
vCtrl,2.947619047619077,3,177,1,{},9,{},236,236,4,a+,1,1,-1,7,0,1,B=4.9=3,{},{},{},31,16,3,236,0,9,31
vCtrl,2.9650340136054725,3,178,1,{},8,{},236,236,4,a+,1,1,-1,8,0,1,B=4.8=4,{},{},{},31,16,3,236,0,8,31
vCtrl,2.981111111111142,3,179,1,{},7,{},236,236,4,a+,1,1,-1,9,0,1,B=4.7=5,{},{},{},31,16,3,236,0,7,31
vCtrl,2.9977097505669246,3,180,1,{},6,{},236,236,4,a+,1,1,-1,10,0,1,B=4.6=6,{},{},{},31,16,3,236,0,6,31
vCtrl,3.0144217687075145,3,181,1,{},5,{},236,236,4,a+,1,1,-1,11,0,1,B=4.5=7,{},{},{},31,16,3,236,0,5,31
vCtrl,3.031111111111143,3,182,1,{},4,{},236,236,4,a+,1,1,-1,12,0,1,B=4.4=8,{},{},{},31,16,3,236,0,4,31
vCtrl,3.04777777777781,3,183,23,{},3,{},236,236,4,a+,1,1,-1,13,0,1,B=4.3=31,{},{},{},31,16,3,236,0,3,31
vCtrl,3.431496598639499,3,206,1,{},2,{},236,236,4,a+,1,1,-1,14,0,1,B=4.2=32,{},{},{},31,16,3,236,0,2,31
vCtrl,3.4481859410431275,3,207,2,{},1,{},236,236,4,a+,1,1,0,15,1,1,B=4.1=34,{},{},{},31,16,3,236,0,1,31
f1Ctrl,3.4671655328798625,3,209,0,37,8,1,178,236,4,a+,1,1,1,15,0,1,8.B=4.1=34,14,{},{},31,16,3,178,0,8,31
vCtrl,3.4823809523809968,3,209,1,{},9,{},178,178,5,d+,1,1,1,3,0,1,9,{},{},{},31,16,3,178,0,9,31
vCtrl,3.4984126984127433,3,210,1,{},10,{},178,178,5,d+,1,1,1,4,0,1,A=2,{},{},{},31,16,3,178,0,10,31
vCtrl,3.515170068027256,3,211,1,{},11,{},178,178,5,d+,1,1,-1,5,0,1,B=3,{},{},{},31,16,3,178,0,11,31
vCtrl,3.5318140589569618,3,212,1,{},10,{},178,178,5,d+,1,1,-1,6,0,1,B=3.A=2,{},{},{},31,16,3,178,0,10,31
vCtrl,3.548390022675783,3,213,1,{},9,{},178,178,5,d+,1,1,-1,7,0,1,B=3.9=3,{},{},{},31,16,3,178,0,9,31
vCtrl,3.565646258503448,3,214,1,{},8,{},178,178,5,d+,1,1,-1,8,0,1,B=3.8=4,{},{},{},31,16,3,178,0,8,31
vCtrl,3.581541950113426,3,215,1,{},7,{},178,178,5,d+,1,1,-1,9,0,1,B=3.7=5,{},{},{},31,16,3,178,0,7,31
vCtrl,3.5982312925170543,3,216,1,{},6,{},178,178,5,d+,1,1,-1,10,0,1,B=3.6=6,{},{},{},31,16,3,178,0,6,31
vCtrl,3.6149659863946058,3,217,1,{},5,{},178,178,5,d+,1,1,-1,11,0,1,B=3.5=7,{},{},{},31,16,3,178,0,5,31
vCtrl,3.6313605442177352,3,218,1,{},4,{},178,178,5,d+,1,1,-1,12,0,1,B=3.4=8,{},{},{},31,16,3,178,0,4,31
vCtrl,3.6480272108844023,3,219,23,{},3,{},178,178,5,d+,1,1,-1,13,0,1,B=3.3=31,{},{},{},31,16,3,178,0,3,31
vCtrl,4.0306349206349745,3,242,1,{},2,{},178,178,5,d+,1,1,-1,14,0,1,B=3.2=32,{},{},{},31,16,3,178,0,2,31
vCtrl,4.047324263038602,3,243,1,{},1,{},178,178,5,d+,1,1,0,15,0,1,B=3.1=33,{},{},{},31,16,3,178,0,1,31
f1Ctrl,4.065850340136107,3,244,1,35,8,1,132,178,5,d+,1,1,1,15,0,1,8.B=3.1=33,7,{},{},31,16,3,132,0,8,31
vCtrl,4.080612244898011,3,245,1,{},9,{},132,132,5,g+,1,1,1,3,0,1,9=2,{},{},{},31,16,3,132,0,9,31
vCtrl,4.097052154195062,3,246,1,{},10,{},132,132,5,g+,1,1,1,4,0,1,A=3,{},{},{},31,16,3,132,0,10,31
vCtrl,4.113628117913882,3,247,1,{},11,{},132,132,5,g+,1,1,-1,5,0,1,B=4,{},{},{},31,16,3,132,0,11,31
vCtrl,4.1308616780045835,3,248,1,{},10,{},132,132,5,g+,1,1,-1,6,0,1,B=4.A=2,{},{},{},31,16,3,132,0,10,31
vCtrl,4.146984126984174,3,249,1,{},9,{},132,132,5,g+,1,1,-1,7,0,1,B=4.9=3,{},{},{},31,16,3,132,0,9,31
vCtrl,4.164308390022722,3,250,1,{},8,{},132,132,5,g+,1,1,-1,8,0,1,B=4.8=4,{},{},{},31,16,3,132,0,8,31
vCtrl,4.1803854875283895,3,251,1,{},7,{},132,132,5,g+,1,1,-1,9,0,1,B=4.7=5,{},{},{},31,16,3,132,0,7,31
vCtrl,4.197074829932017,3,252,1,{},6,{},132,132,5,g+,1,1,-1,10,0,1,B=4.6=6,{},{},{},31,16,3,132,0,6,31
vCtrl,4.213650793650837,3,253,1,{},5,{},132,132,5,g+,1,1,-1,11,0,1,B=4.5=7,{},{},{},31,16,3,132,0,5,31
vCtrl,4.230090702947888,3,254,1,{},4,{},132,132,5,g+,1,1,-1,12,0,1,B=4.4=8,{},{},{},31,16,3,132,0,4,31
vCtrl,4.24716553287986,3,255,23,{},3,{},132,132,5,g+,1,1,-1,13,0,1,B=4.3=31,{},{},{},31,16,3,132,0,3,31
vCtrl,4.629297052154235,3,278,1,{},2,{},132,132,5,g+,1,1,-1,14,0,1,B=4.2=32,{},{},{},31,16,3,132,0,2,31
vCtrl,4.645986394557862,3,279,1,{},1,{},132,132,5,g+,1,1,0,15,1,1,B=4.1=33,{},{},{},31,16,3,132,0,1,31
f1Ctrl,4.665102040816364,3,280,1,36,8,1,100,132,5,g+,1,1,1,15,0,1,8.B=4.1=33,8,{},{},31,16,3,100,0,8,31
vCtrl,4.679410430839039,3,281,1,{},9,{},100,100,6,c+,1,1,1,3,0,1,9=2,{},{},{},31,16,3,100,0,9,31
vCtrl,4.696099773242667,3,282,1,{},10,{},100,100,6,c+,1,1,1,4,0,1,A=3,{},{},{},31,16,3,100,0,10,31
vCtrl,4.712857142857178,3,283,1,{},11,{},100,100,6,c+,1,1,-1,5,0,1,B=4,{},{},{},31,16,3,100,0,11,31
vCtrl,4.729501133786882,3,284,1,{},10,{},100,100,6,c+,1,1,-1,6,0,1,B=4.A=2,{},{},{},31,16,3,100,0,10,31
vCtrl,4.74619047619051,3,285,1,{},9,{},100,100,6,c+,1,1,-1,7,0,1,B=4.9=3,{},{},{},31,16,3,100,0,9,31
vCtrl,4.763945578231326,3,286,1,{},8,{},100,100,6,c+,1,1,-1,8,0,1,B=4.8=4,{},{},{},31,16,3,100,0,8,31
vCtrl,4.779591836734727,3,287,1,{},7,{},100,100,6,c+,1,1,-1,9,0,1,B=4.7=5,{},{},{},31,16,3,100,0,7,31
vCtrl,4.796303854875315,3,288,1,{},6,{},100,100,6,c+,1,1,-1,10,0,1,B=4.6=6,{},{},{},31,16,3,100,0,6,31
vCtrl,4.813015873015905,3,289,57,{},5,{},100,100,6,c+,1,1,-1,11,0,1,B=4.5=63,{},{},{},31,16,3,100,0,5,31
vCtrl,5.763990929705244,3,346,1,{},4,{},100,100,6,c+,1,1,-1,12,0,1,B=4.4=64,{},{},{},31,16,3,100,0,4,31
vCtrl,5.780680272108873,3,347,1,{},3,{},100,100,6,c+,1,1,-1,13,0,1,B=4.3=65,{},{},{},31,16,3,100,0,3,31
vCtrl,5.797414965986424,3,348,1,{},2,{},100,100,6,c+,1,1,-1,14,0,1,B=4.2=66,{},{},{},31,16,3,100,0,2,31
vCtrl,5.814081632653091,3,349,1,{},1,{},100,100,6,c+,1,1,-1,15,0,1,B=4.1=67,{},{},{},31,16,3,100,0,1,31
vCtrl,5.830816326530641,3,350,2,{},0,{},100,100,6,c+,1,1,0,16,-5,1,B=4.0=69,{},{},{},31,16,3,100,0,0,31
f1Ctrl,5.864535147392317,3,352,0,72,0,1,0,100,6,c+,0,1,{},16,{},1,8.B=4.0=69,15,{},{},31,16,3,0,0,0,0
