#type,time,ch,ticks,l,fL,v,fV,f,fF,o,scale,en,fEn,vDiff,vCnt,oDiff,envlp,envlpIndex,nE,nF,offset,data,wtbIndex,fCtrlA,fCtrlB,wNCtrl,vVCtrl,aVCtrl,envPCtrlL,envPCtrlM,envShape,ioParallel1,ioParallel2,vDiff,oDiff,cnt
fCA,0.0,0,0,0,,0,,0,0,1,r,0,0,0,0,0,,,,,,,,0,0,0,187,0,11,0,0,0,0,0,0,1
fCB,0.0,0,0,0,,0,,0,0,1,r,0,0,0,0,0,,,,,,,,0,0,0,187,0,11,0,0,0,0,0,0,2
aVC,4.5351473922902495e-05,0,0,109,,0,,0,0,1,r,0,0,0,1,1,,,,,,,,0,0,0,187,0,11,0,0,0,0,109,1,1
fCB,1.8154648526077144,0,109,0,,0,,944,944,1,r,0,0,8,1,1,,,,,,,,176,3,0,185,0,11,0,0,0,0,-109,1,1
aVC,1.8155102040816373,0,109,0,,8,,944,944,1,r,0,0,0,2,1,,,,,,,,176,3,0,185,8,11,0,0,0,0,0,1,1
mode,1.815941043083905,0,109,2,,8,,944,944,2,a+,1,0,0,2,0,,,,,,,,176,3,0,184,8,11,0,0,0,0,2,0,1
fCA,1.8483900226757417,0,111,2,,8,,896,896,2,b,1,1,0,2,1,,,,,,,,128,3,0,184,8,11,0,0,0,0,0,1,2
fCA,1.8817233560090751,0,113,2,,8,,848,848,3,c,1,1,0,2,0,,,,,,,,80,3,0,184,8,11,0,0,0,0,0,0,3
fCA,1.9150793650793698,0,115,2,,8,,800,800,3,c+,1,1,0,2,0,,,,,,,,32,3,0,184,8,11,0,0,0,0,0,0,4
fCB,1.9484580498866262,0,117,2,,8,,752,752,3,d,1,1,0,2,-1,,,,,,,,240,2,0,184,8,11,0,0,0,0,0,-1,5
fCB,1.9819954648526126,0,119,2,,8,,944,944,2,a+,1,1,0,2,0,,,,,,,,176,3,0,184,8,11,0,0,0,0,0,0,6
fCA,2.0152154195011382,0,121,2,,8,,896,896,2,b,1,1,0,2,1,,,,,,,,128,3,0,184,8,11,0,0,0,0,0,1,7
fCA,2.0485487528344724,0,123,2,,8,,848,848,3,c,1,1,0,2,0,,,,,,,,80,3,0,184,8,11,0,0,0,0,0,0,8
fCA,2.0819047619047684,0,125,2,,8,,800,800,3,c+,1,1,0,2,0,,,,,,,,32,3,0,184,8,11,0,0,0,0,0,0,9
fCB,2.1153287981859483,0,127,2,,8,,752,752,3,d,1,1,0,2,-1,,,,,,,,240,2,0,184,8,11,0,0,0,0,0,-1,10
fCB,2.148798185941051,0,129,2,,8,,896,896,2,b,1,1,0,2,1,,,,,,,,128,3,0,184,8,11,0,0,0,0,0,1,11
fCA,2.182086167800463,0,131,2,,8,,848,848,3,c,1,1,0,2,0,,,,,,,,80,3,0,184,8,11,0,0,0,0,0,0,12
fCA,2.215419501133797,0,133,2,,8,,800,800,3,c+,1,1,0,2,0,,,,,,,,32,3,0,184,8,11,0,0,0,0,0,0,13
fCB,2.2488208616780154,0,135,2,,8,,752,752,3,d,1,1,0,2,0,,,,,,,,240,2,0,184,8,11,0,0,0,0,0,0,14
fCA,2.2821995464852725,0,137,2,,8,,712,712,3,d+,1,1,0,2,-1,,,,,,,,200,2,0,184,8,11,0,0,0,0,0,-1,15
fCB,2.315850340136067,0,139,2,,8,,896,896,2,b,1,1,0,2,1,,,,,,,,128,3,0,184,8,11,0,0,0,0,0,1,16
fCA,2.3490476190476324,0,141,2,,8,,848,848,3,c,1,1,0,2,0,,,,,,,,80,3,0,184,8,11,0,0,0,0,0,0,17
fCA,2.3824036281179284,0,143,2,,8,,800,800,3,c+,1,1,0,2,0,,,,,,,,32,3,0,184,8,11,0,0,0,0,0,0,18
fCB,2.4158276643991083,0,145,2,,8,,752,752,3,d,1,1,0,2,0,,,,,,,,240,2,0,184,8,11,0,0,0,0,0,0,19
fCA,2.4491609977324424,0,147,2,,8,,712,712,3,d+,1,1,0,2,0,,,,,,,,200,2,0,184,8,11,0,0,0,0,0,0,20
fCB,2.482585034013623,0,149,2,,8,,848,848,3,c,1,1,0,2,0,,,,,,,,80,3,0,184,8,11,0,0,0,0,0,0,21
fCA,2.5158503401360726,0,151,2,,8,,800,800,3,c+,1,1,0,2,0,,,,,,,,32,3,0,184,8,11,0,0,0,0,0,0,22
fCB,2.5492290249433296,0,153,2,,8,,752,752,3,d,1,1,0,2,0,,,,,,,,240,2,0,184,8,11,0,0,0,0,0,0,23
fCA,2.5825850340136256,0,155,2,,8,,712,712,3,d+,1,1,0,2,0,,,,,,,,200,2,0,184,8,11,0,0,0,0,0,0,24
fCA,2.615986394557844,0,157,2,,8,,672,672,3,e,1,1,0,2,0,,,,,,,,160,2,0,184,8,11,0,0,0,0,0,0,25
fCB,2.649410430839024,0,159,2,,8,,848,848,3,c,1,1,0,2,0,,,,,,,,80,3,0,184,8,11,0,0,0,0,0,0,26
fCA,2.682675736961474,0,161,2,,8,,800,800,3,c+,1,1,0,2,0,,,,,,,,32,3,0,184,8,11,0,0,0,0,0,0,27
fCB,2.716099773242654,0,163,2,,8,,752,752,3,d,1,1,0,2,0,,,,,,,,240,2,0,184,8,11,0,0,0,0,0,0,28
fCA,2.749410430839027,0,165,2,,8,,712,712,3,d+,1,1,0,2,0,,,,,,,,200,2,0,184,8,11,0,0,0,0,0,0,29
fCA,2.7828117913832457,0,167,2,,8,,672,672,3,e,1,1,0,2,0,,,,,,,,160,2,0,184,8,11,0,0,0,0,0,0,30
fCB,2.8163265306122716,0,169,2,,8,,800,800,3,c+,1,1,0,2,0,,,,,,,,32,3,0,184,8,11,0,0,0,0,0,0,31
fCB,2.8495918367347213,0,171,2,,8,,752,752,3,d,1,1,0,2,0,,,,,,,,240,2,0,184,8,11,0,0,0,0,0,0,32
fCA,2.8829705215419783,0,173,2,,8,,712,712,3,d+,1,1,0,2,0,,,,,,,,200,2,0,184,8,11,0,0,0,0,0,0,33
fCA,2.916439909297081,0,175,2,,8,,672,672,3,e,1,1,0,2,0,,,,,,,,160,2,0,184,8,11,0,0,0,0,0,0,34
fCA,2.9497732426304153,0,177,2,,8,,632,632,3,f,1,1,0,2,0,,,,,,,,120,2,0,184,8,11,0,0,0,0,0,0,35
fCB,2.983310657596403,0,179,2,,8,,800,800,3,c+,1,1,0,2,0,,,,,,,,32,3,0,184,8,11,0,0,0,0,0,0,36
fCB,3.016598639455814,0,181,2,,8,,752,752,3,d,1,1,0,2,0,,,,,,,,240,2,0,184,8,11,0,0,0,0,0,0,37
fCA,3.0499319727891483,0,183,2,,8,,712,712,3,d+,1,1,0,2,0,,,,,,,,200,2,0,184,8,11,0,0,0,0,0,0,38
fCA,3.0832426303855214,0,185,2,,8,,672,672,3,e,1,1,0,2,0,,,,,,,,160,2,0,184,8,11,0,0,0,0,0,0,39
fCA,3.1166213151927784,0,187,3,,8,,632,632,3,f,1,1,0,2,0,,,,,,,,120,2,0,184,8,11,0,0,0,0,1,0,1
fCA,3.1500453514739584,0,190,2,,8,,752,752,3,d,1,1,0,2,0,,,,,,,,240,2,0,184,8,11,0,0,0,0,-1,0,1
fCA,3.1833560090703314,0,192,2,,8,,712,712,3,d+,1,1,0,2,0,,,,,,,,200,2,0,184,8,11,0,0,0,0,0,0,2
fCA,3.21675736961455,0,194,2,,8,,672,672,3,e,1,1,0,2,0,,,,,,,,160,2,0,184,8,11,0,0,0,0,0,0,3
fCA,3.2500680272109226,0,196,2,,8,,632,632,3,f,1,1,0,2,0,,,,,,,,120,2,0,184,8,11,0,0,0,0,0,0,4
fCA,3.28344671201818,0,198,2,,8,,592,592,3,f+,1,1,0,2,0,,,,,,,,80,2,0,184,8,11,0,0,0,0,0,0,5
fCA,3.3169387755102444,0,200,2,,8,,752,752,3,d,1,1,0,2,0,,,,,,,,240,2,0,184,8,11,0,0,0,0,0,0,6
fCA,3.3501814058957327,0,202,2,,8,,712,712,3,d+,1,1,0,2,0,,,,,,,,200,2,0,184,8,11,0,0,0,0,0,0,7
fCA,3.3835827664399516,0,204,2,,8,,672,672,3,e,1,1,0,2,0,,,,,,,,160,2,0,184,8,11,0,0,0,0,0,0,8
fCA,3.41698412698417,0,206,2,,8,,632,632,3,f,1,1,0,2,0,,,,,,,,120,2,0,184,8,11,0,0,0,0,0,0,9
fCA,3.4503401360544657,0,208,2,,8,,592,592,3,f+,1,1,0,2,0,,,,,,,,80,2,0,184,8,11,0,0,0,0,0,0,10
fCA,3.484489795918412,0,210,0,,8,,512,512,3,g+,1,1,4,2,0,,,,,,,,0,2,0,184,8,11,0,0,0,0,-2,0,1
aVC,3.484580498866258,0,210,0,,12,,512,512,3,g+,1,1,0,3,0,,,,,,,,0,2,0,184,12,11,0,0,0,0,0,0,1
wNC,3.4848979591837184,0,210,0,,12,,512,512,3,g+,1,1,0,3,0,,,,,,,,0,2,31,184,12,11,0,0,0,0,0,0,2
mode,3.4850566893424486,0,210,1,,12,,512,512,3,g+,3,1,0,3,0,,,,,,,,0,2,31,176,12,11,0,0,0,0,1,0,1
fCA,3.500748299319773,0,211,1,,12,,592,592,3,f+,3,3,0,3,0,,,,,,,,80,2,31,176,12,11,0,0,0,0,0,0,2
fCA,3.517505668934286,0,212,1,,12,,672,672,3,e,3,3,0,3,0,,,,,,,,160,2,31,176,12,11,0,0,0,0,0,0,3
fCB,3.5341950113379146,0,213,1,,12,,768,768,3,c+,3,3,0,3,-1,,,,,,,,0,3,31,176,12,11,0,0,0,0,0,-1,4
fCB,3.5509523809524275,0,214,1,,12,,1024,1024,2,g+,3,3,0,3,0,,,,,,,,0,4,31,176,12,11,0,0,0,0,0,0,5
fCB,3.5681405895692078,0,215,1,,12,,1280,1280,2,f,3,3,0,3,0,,,,,,,,0,5,31,176,12,11,0,0,0,0,0,0,6
fCB,3.584285714285762,0,216,1,,12,,1536,1536,2,c+,3,3,0,3,-1,,,,,,,,0,6,31,176,12,11,0,0,0,0,0,-1,7
fCB,3.6011564625850823,0,217,1,,12,,2048,2048,1,g+,3,3,0,3,0,,,,,,,,0,8,31,176,12,11,0,0,0,0,0,0,8
wNC,3.618208616780094,0,218,0,,12,,2048,2048,1,g+,3,3,0,3,0,,,,,,,,0,8,29,176,12,11,0,0,0,0,-1,0,1
mode,3.6183673469388244,0,218,1,,12,,2048,2048,1,g+,2,3,0,3,0,,,,,,,,0,8,29,177,12,11,0,0,0,0,1,0,1
wNC,3.634761904761954,0,219,1,,12,,2048,2048,1,g+,2,2,0,3,0,,,,,,,,0,8,26,177,12,11,0,0,0,0,0,0,2
wNC,3.651473922902544,0,220,1,,12,,2048,2048,1,g+,2,2,0,3,0,,,,,,,,0,8,23,177,12,11,0,0,0,0,0,0,3
wNC,3.669092970521592,0,221,1,,12,,2048,2048,1,g+,2,2,0,3,0,,,,,,,,0,8,19,177,12,11,0,0,0,0,0,0,4
wNC,3.6848072562358785,0,222,1,,12,,2048,2048,1,g+,2,2,0,3,0,,,,,,,,0,8,16,177,12,11,0,0,0,0,0,0,5
wNC,3.7014285714286226,0,223,1,,12,,2048,2048,1,g+,2,2,0,3,0,,,,,,,,0,8,12,177,12,11,0,0,0,0,0,0,6
wNC,3.7181405895692126,0,224,1,,12,,2048,2048,1,g+,2,2,0,3,0,,,,,,,,0,8,9,177,12,11,0,0,0,0,0,0,7
wNC,3.735192743764224,0,225,1,,12,,2048,2048,1,g+,2,2,0,3,0,,,,,,,,0,8,6,177,12,11,0,0,0,0,0,0,8
wNC,3.7514965986395077,0,226,1,,12,,2048,2048,1,g+,2,2,0,3,0,,,,,,,,0,8,3,177,12,11,0,0,0,0,0,0,9
wNC,3.7687528344671724,0,227,1,,12,,2048,2048,1,g+,2,2,-1,3,0,,,,,,,,0,8,1,177,12,11,0,0,0,0,0,0,1
aVC,3.784693877551073,0,228,0,,11,,2048,2048,1,g+,2,2,0,4,0,,,,,,,,0,8,1,177,11,11,0,0,0,0,-1,0,1
wNC,3.7850113378685335,0,228,7,,11,,2048,2048,1,g+,2,2,-1,4,0,,,,,,,,0,8,4,177,11,11,0,0,0,0,7,0,1
aVC,3.901360544217742,0,235,0,,10,,2048,2048,1,g+,2,2,0,5,0,,,,,,,,0,8,4,177,10,11,0,0,0,0,-7,0,1
wNC,3.9016780045352024,0,235,7,,10,,2048,2048,1,g+,2,2,-2,5,0,,,,,,,,0,8,7,177,10,11,0,0,0,0,7,0,1
aVC,4.01818594104314,0,242,0,,8,,2048,2048,1,g+,2,2,0,6,0,,,,,,,,0,8,7,177,8,11,0,0,0,0,-7,0,1
wNC,4.0185034013606,0,242,7,,8,,2048,2048,1,g+,2,2,-2,6,0,,,,,,,,0,8,11,177,8,11,0,0,0,0,7,0,1
aVC,4.135238095238146,0,249,0,,6,,2048,2048,1,g+,2,2,0,7,0,,,,,,,,0,8,11,177,6,11,0,0,0,0,-7,0,1
wNC,4.135555555555605,0,249,7,,6,,2048,2048,1,g+,2,2,-2,7,0,,,,,,,,0,8,14,177,6,11,0,0,0,0,7,0,1
aVC,4.251904761904805,0,256,0,,4,,2048,2048,1,g+,2,2,0,8,0,,,,,,,,0,8,14,177,4,11,0,0,0,0,-7,0,1
wNC,4.252244897959226,0,256,7,,4,,2048,2048,1,g+,2,2,-1,8,0,,,,,,,,0,8,16,177,4,11,0,0,0,0,7,0,1
aVC,4.3687301587302,0,263,7,,3,,2048,2048,1,g+,2,2,0,9,0,,,,,,,,0,8,16,179,3,11,0,0,0,0,0,0,1
fCB,4.484739229024984,0,270,0,,3,,0,0,1,r,2,2,-3,9,0,,,,,,,,0,0,16,179,3,11,0,0,0,0,-7,0,1
aVC,4.484784580498907,0,270,0,,0,,0,0,1,r,2,2,0,10,0,,,,,,,,0,0,16,179,0,11,0,0,0,0,0,0,1
mode,4.485215419501174,0,270,0,,0,,0,0,1,r,0,2,0,10,0,,,,,,,,0,0,16,187,0,11,0,0,0,0,0,0,2
fCA,9.070294784580498e-05,1,0,0,,0,,0,0,1,r,0,0,0,0,0,,,,,,,,0,0,0,187,0,11,0,0,0,0,0,0,1
fCB,0.00013605442176870748,1,0,0,,0,,0,0,1,r,0,0,0,0,0,,,,,,,,0,0,0,187,0,11,0,0,0,0,0,0,2
aVC,0.00018140589569160998,1,0,108,,0,,0,0,1,r,0,0,0,1,1,,,,,,,,0,0,0,187,0,11,0,0,0,0,108,1,1
fCB,1.7988662131519317,1,108,0,,0,,944,944,1,r,0,0,8,1,1,,,,,,,,176,3,0,187,0,11,0,0,0,0,-108,1,1
aVC,1.7989115646258547,1,108,0,,8,,944,944,1,r,0,0,0,2,1,,,,,,,,176,3,0,187,8,11,0,0,0,0,0,1,1
mode,1.7992290249433152,1,108,2,,8,,944,944,2,a+,1,0,0,2,0,,,,,,,,176,3,0,185,8,11,0,0,0,0,2,0,1
fCA,1.831814058956921,1,110,2,,8,,896,896,2,b,1,1,0,2,1,,,,,,,,128,3,0,184,8,11,0,0,0,0,0,1,2
fCA,1.8662585034013652,1,112,2,,8,,848,848,3,c,1,1,0,2,0,,,,,,,,80,3,0,184,8,11,0,0,0,0,0,0,3
fCA,1.898503401360549,1,114,2,,8,,800,800,3,c+,1,1,0,2,0,,,,,,,,32,3,0,184,8,11,0,0,0,0,0,0,4
fCB,1.9318820861678052,1,116,2,,8,,752,752,3,d,1,1,0,2,-1,,,,,,,,240,2,0,184,8,11,0,0,0,0,0,-1,5
fCB,1.965986394557828,1,118,2,,8,,944,944,2,a+,1,1,0,2,0,,,,,,,,176,3,0,184,8,11,0,0,0,0,0,0,6
fCA,1.9986394557823177,1,120,2,,8,,896,896,2,b,1,1,0,2,1,,,,,,,,128,3,0,184,8,11,0,0,0,0,0,1,7
fCA,2.0319954648526126,1,122,2,,8,,848,848,3,c,1,1,0,2,0,,,,,,,,80,3,0,184,8,11,0,0,0,0,0,0,8
fCA,2.066099773242636,1,124,2,,8,,800,800,3,c+,1,1,0,2,0,,,,,,,,32,3,0,184,8,11,0,0,0,0,0,0,9
fCB,2.0987755102040886,1,126,2,,8,,752,752,3,d,1,1,0,2,-1,,,,,,,,240,2,0,184,8,11,0,0,0,0,0,-1,10
fCB,2.1322448979591915,1,128,2,,8,,896,896,2,b,1,1,0,2,1,,,,,,,,128,3,0,184,8,11,0,0,0,0,0,1,11
fCA,2.166054421768716,1,130,2,,8,,848,848,3,c,1,1,0,2,0,,,,,,,,80,3,0,184,8,11,0,0,0,0,0,0,12
fCA,2.198866213151937,1,132,2,,8,,800,800,3,c+,1,1,0,2,0,,,,,,,,32,3,0,184,8,11,0,0,0,0,0,0,13
fCB,2.2322675736961557,1,134,3,,8,,752,752,3,d,1,1,0,2,0,,,,,,,,240,2,0,184,8,11,0,0,0,0,1,0,1
fCA,2.267210884353753,1,137,1,,8,,712,712,3,d+,1,1,0,2,-1,,,,,,,,200,2,0,184,8,11,0,0,0,0,-2,-1,1
fCB,2.2992063492063615,1,138,2,,8,,896,896,2,b,1,1,0,2,1,,,,,,,,128,3,0,184,8,11,0,0,0,0,1,1,1
fCA,2.332471655328811,1,140,2,,8,,848,848,3,c,1,1,0,2,0,,,,,,,,80,3,0,184,8,11,0,0,0,0,0,0,2
fCA,2.366394557823143,1,142,2,,8,,800,800,3,c+,1,1,0,2,0,,,,,,,,32,3,0,184,8,11,0,0,0,0,0,0,3
fCB,2.399251700680287,1,144,2,,8,,752,752,3,d,1,1,0,2,0,,,,,,,,240,2,0,184,8,11,0,0,0,0,0,0,4
fCA,2.4325850340136213,1,146,3,,8,,712,712,3,d+,1,1,0,2,0,,,,,,,,200,2,0,184,8,11,0,0,0,0,1,0,1
fCB,2.467006802721105,1,149,1,,8,,848,848,3,c,1,1,0,2,0,,,,,,,,80,3,0,184,8,11,0,0,0,0,-2,0,1
fCA,2.4992743764172514,1,150,2,,8,,800,800,3,c+,1,1,0,2,0,,,,,,,,32,3,0,184,8,11,0,0,0,0,1,0,1
fCB,2.53267573696147,1,152,2,,8,,752,752,3,d,1,1,0,2,0,,,,,,,,240,2,0,184,8,11,0,0,0,0,0,0,2
fCA,2.56657596371884,1,154,2,,8,,712,712,3,d+,1,1,0,2,0,,,,,,,,200,2,0,184,8,11,0,0,0,0,0,0,3
fCA,2.599410430839023,1,156,2,,8,,672,672,3,e,1,1,0,2,0,,,,,,,,160,2,0,184,8,11,0,0,0,0,0,0,4
fCB,2.6328571428571643,1,158,3,,8,,848,848,3,c,1,1,0,2,0,,,,,,,,80,3,0,184,8,11,0,0,0,0,1,0,1
fCA,2.666870748299342,1,161,1,,8,,800,800,3,c+,1,1,0,2,0,,,,,,,,32,3,0,184,8,11,0,0,0,0,-2,0,1
fCB,2.6995464852607944,1,162,2,,8,,752,752,3,d,1,1,0,2,0,,,,,,,,240,2,0,184,8,11,0,0,0,0,1,0,1
fCA,2.732857142857167,1,164,3,,8,,712,712,3,d+,1,1,0,2,0,,,,,,,,200,2,0,184,8,11,0,0,0,0,1,0,1
fCA,2.766780045351499,1,167,1,,8,,672,672,3,e,1,1,0,2,0,,,,,,,,160,2,0,184,8,11,0,0,0,0,-2,0,1
fCB,2.7997505668934504,1,168,2,,8,,800,800,3,c+,1,1,0,2,0,,,,,,,,32,3,0,184,8,11,0,0,0,0,1,0,1
fCB,2.8330385487528615,1,170,3,,8,,752,752,3,d,1,1,0,2,0,,,,,,,,240,2,0,184,8,11,0,0,0,0,1,0,1
fCA,2.8679818594104587,1,173,1,,8,,712,712,3,d+,1,1,0,2,0,,,,,,,,200,2,0,184,8,11,0,0,0,0,-2,0,1
fCA,2.8997959183673756,1,174,2,,8,,672,672,3,e,1,1,0,2,0,,,,,,,,160,2,0,184,8,11,0,0,0,0,1,0,1
fCA,2.933197278911594,1,176,3,,8,,632,632,3,f,1,1,0,2,0,,,,,,,,120,2,0,184,8,11,0,0,0,0,1,0,1
fCB,2.967278911564656,1,179,2,,8,,800,800,3,c+,1,1,0,2,0,,,,,,,,32,3,0,184,8,11,0,0,0,0,-1,0,1
fCB,3.0000453514739545,1,181,2,,8,,752,752,3,d,1,1,0,2,0,,,,,,,,240,2,0,184,8,11,0,0,0,0,0,0,2
fCA,3.033356009070327,1,183,2,,8,,712,712,3,d+,1,1,0,2,0,,,,,,,,200,2,0,184,8,11,0,0,0,0,0,0,3
fCA,3.0676643990930037,1,185,2,,8,,672,672,3,e,1,1,0,2,0,,,,,,,,160,2,0,184,8,11,0,0,0,0,0,0,4
fCA,3.100045351473957,1,187,2,,8,,632,632,3,f,1,1,0,2,0,,,,,,,,120,2,0,184,8,11,0,0,0,0,0,0,5
fCA,3.1334920634920986,1,189,2,,8,,752,752,3,d,1,1,0,2,0,,,,,,,,240,2,0,184,8,11,0,0,0,0,0,0,6
fCA,3.167346938775546,1,191,2,,8,,712,712,3,d+,1,1,0,2,0,,,,,,,,200,2,0,184,8,11,0,0,0,0,0,0,7
fCA,3.2001814058957287,1,193,2,,8,,672,672,3,e,1,1,0,2,0,,,,,,,,160,2,0,184,8,11,0,0,0,0,0,0,8
fCA,3.2334920634921014,1,195,2,,8,,632,632,3,f,1,1,0,2,0,,,,,,,,120,2,0,184,8,11,0,0,0,0,0,0,9
fCA,3.2676417233560477,1,197,2,,8,,592,592,3,f+,1,1,0,2,0,,,,,,,,80,2,0,184,8,11,0,0,0,0,0,0,10
fCA,3.300362811791423,1,199,2,,8,,752,752,3,d,1,1,0,2,0,,,,,,,,240,2,0,184,8,11,0,0,0,0,0,0,11
fCA,3.333628117913873,1,201,2,,8,,712,712,3,d+,1,1,0,2,0,,,,,,,,200,2,0,184,8,11,0,0,0,0,0,0,12
fCA,3.367573696145166,1,203,2,,8,,672,672,3,e,1,1,0,2,0,,,,,,,,160,2,0,184,8,11,0,0,0,0,0,0,13
fCA,3.400408163265349,1,205,2,,8,,632,632,3,f,1,1,0,2,0,,,,,,,,120,2,0,184,8,11,0,0,0,0,0,0,14
fCA,3.4337641723356445,1,207,2,,8,,592,592,3,f+,1,1,0,2,0,,,,,,,,80,2,0,184,8,11,0,0,0,0,0,0,15
fCB,3.469229024943355,1,209,0,,8,,768,768,3,c+,1,1,6,2,0,,,,,,,,0,3,0,184,8,11,0,0,0,0,-2,0,1
aVC,3.4692743764172778,1,209,1,,14,,768,768,3,c+,1,1,0,3,0,,,,,,,,0,3,0,184,14,11,0,0,0,0,1,0,1
fCA,3.484625850340181,1,210,0,,14,,848,848,3,c,1,1,0,3,0,,,,,,,,80,3,0,184,14,11,0,0,0,0,-1,0,1
wNC,3.4848979591837184,1,210,1,,14,,848,848,3,c,1,1,0,3,-1,,,,,,,,80,3,31,184,14,11,0,0,0,0,1,-1,1
fCB,3.5009070294785034,1,211,1,,14,,1024,1024,2,g+,1,1,0,3,0,,,,,,,,0,4,31,176,14,11,0,0,0,0,0,0,2
fCA,3.517641723356055,1,212,1,,14,,1152,1152,2,f+,1,1,0,3,0,,,,,,,,128,4,31,176,14,11,0,0,0,0,0,0,3
fCB,3.5343310657596834,1,213,1,,14,,1280,1280,2,f,1,1,0,3,0,,,,,,,,0,5,31,176,14,11,0,0,0,0,0,0,4
fCB,3.551065759637235,1,214,1,,14,,1536,1536,2,c+,1,1,0,3,-1,,,,,,,,0,6,31,176,14,11,0,0,0,0,0,-1,5
fCB,3.568253968254015,1,215,1,,14,,2048,2048,1,g+,1,1,0,3,0,,,,,,,,0,8,31,176,14,11,0,0,0,0,0,0,6
fCB,3.5843990929705694,1,216,1,,14,,2304,2304,1,f+,1,1,0,3,2,,,,,,,,0,9,31,176,14,11,0,0,0,0,0,2,7
fCB,3.6012698412698896,1,217,1,,14,,768,768,3,c+,1,1,0,3,0,,,,,,,,0,3,31,176,14,11,0,0,0,0,0,0,8
fCA,3.6179365079365566,1,218,0,,14,,848,848,3,c,1,1,0,3,0,,,,,,,,80,3,31,176,14,11,0,0,0,0,-1,0,1
wNC,3.618208616780094,1,218,1,,14,,848,848,3,c,1,1,0,3,-1,,,,,,,,80,3,29,176,14,11,0,0,0,0,1,-1,1
fCB,3.634512471655378,1,219,0,,14,,1024,1024,2,g+,1,1,0,3,0,,,,,,,,0,4,29,177,14,11,0,0,0,0,-1,0,1
wNC,3.634761904761954,1,219,1,,14,,1024,1024,2,g+,1,1,0,3,0,,,,,,,,0,4,26,177,14,11,0,0,0,0,1,0,1
fCA,3.651179138322045,1,220,0,,14,,1152,1152,2,f+,1,1,0,3,0,,,,,,,,128,4,26,177,14,11,0,0,0,0,-1,0,1
wNC,3.651473922902544,1,220,1,,14,,1152,1152,2,f+,1,1,0,3,0,,,,,,,,128,4,23,177,14,11,0,0,0,0,1,0,1
fCB,3.6688662131519774,1,221,0,,14,,1280,1280,2,f,1,1,0,3,0,,,,,,,,0,5,23,177,14,11,0,0,0,0,-1,0,1
wNC,3.669092970521592,1,221,1,,14,,1280,1280,2,f,1,1,0,3,0,,,,,,,,0,5,19,177,14,11,0,0,0,0,1,0,1
fCB,3.684580498866264,1,222,0,,14,,1536,1536,2,c+,1,1,0,3,0,,,,,,,,0,6,19,177,14,11,0,0,0,0,-1,0,1
wNC,3.6848072562358785,1,222,1,,14,,1536,1536,2,c+,1,1,0,3,-1,,,,,,,,0,6,16,177,14,11,0,0,0,0,1,-1,1
fCB,3.701201814059008,1,223,0,,14,,2048,2048,1,g+,1,1,0,3,0,,,,,,,,0,8,16,177,14,11,0,0,0,0,-1,0,1
wNC,3.7014285714286226,1,223,1,,14,,2048,2048,1,g+,1,1,0,3,0,,,,,,,,0,8,12,177,14,11,0,0,0,0,1,0,1
fCB,3.7178911564626365,1,224,0,,14,,2304,2304,1,f+,1,1,0,3,0,,,,,,,,0,9,12,177,14,11,0,0,0,0,-1,0,1
wNC,3.7181405895692126,1,224,1,,14,,2304,2304,1,f+,1,1,0,3,2,,,,,,,,0,9,9,177,14,11,0,0,0,0,1,2,1
fCB,3.734943310657648,1,225,0,,14,,768,768,3,c+,1,1,-2,3,0,,,,,,,,0,3,9,177,14,11,0,0,0,0,-1,0,1
aVC,3.734988662131571,1,225,0,,12,,768,768,3,c+,1,1,0,4,0,,,,,,,,0,3,9,177,12,11,0,0,0,0,0,0,1
wNC,3.735192743764224,1,225,1,,12,,768,768,3,c+,1,1,0,4,0,,,,,,,,0,3,6,177,12,11,0,0,0,0,1,0,1
fCA,3.75122448979597,1,226,0,,12,,848,848,3,c,1,1,0,4,0,,,,,,,,80,3,6,177,12,11,0,0,0,0,-1,0,1
wNC,3.7514965986395077,1,226,1,,12,,848,848,3,c,1,1,0,4,-1,,,,,,,,80,3,3,177,12,11,0,0,0,0,1,-1,1
fCB,3.7685034013605962,1,227,0,,12,,1024,1024,2,g+,1,1,0,4,0,,,,,,,,0,4,3,177,12,11,0,0,0,0,-1,0,1
wNC,3.7687528344671724,1,227,1,,12,,1024,1024,2,g+,1,1,0,4,0,,,,,,,,0,4,1,177,12,11,0,0,0,0,1,0,1
fCA,3.784739229024996,1,228,0,,12,,1152,1152,2,f+,1,1,0,4,0,,,,,,,,128,4,1,177,12,11,0,0,0,0,-1,0,1
wNC,3.7850113378685335,1,228,1,,12,,1152,1152,2,f+,1,1,0,4,0,,,,,,,,128,4,4,177,12,11,0,0,0,0,1,0,1
fCB,3.8009977324263566,1,229,1,,12,,1280,1280,2,f,1,1,0,4,0,,,,,,,,0,5,4,177,12,11,0,0,0,0,0,0,2
fCB,3.8177551020408695,1,230,1,,12,,1536,1536,2,c+,1,1,0,4,-1,,,,,,,,0,6,4,177,12,11,0,0,0,0,0,-1,3
fCB,3.834285714285768,1,231,1,,12,,2048,2048,1,g+,1,1,0,4,0,,,,,,,,0,8,4,177,12,11,0,0,0,0,0,0,4
fCB,3.8509750566893963,1,232,1,,12,,2304,2304,1,f+,1,1,0,4,2,,,,,,,,0,9,4,177,12,11,0,0,0,0,0,2,5
fCB,3.8686167800454054,1,233,1,,12,,768,768,3,c+,1,1,0,4,0,,,,,,,,0,3,4,177,12,11,0,0,0,0,0,0,6
fCA,3.8843537414966534,1,234,1,,12,,848,848,3,c,1,1,0,4,-1,,,,,,,,80,3,4,177,12,11,0,0,0,0,0,-1,7
fCB,3.9014512471655878,1,235,0,,12,,1024,1024,2,g+,1,1,0,4,0,,,,,,,,0,4,4,177,12,11,0,0,0,0,-1,0,1
wNC,3.9016780045352024,1,235,1,,12,,1024,1024,2,g+,1,1,0,4,0,,,,,,,,0,4,7,177,12,11,0,0,0,0,1,0,1
fCA,3.91773242630391,1,236,1,,12,,1152,1152,2,f+,1,1,0,4,0,,,,,,,,128,4,7,177,12,11,0,0,0,0,0,0,2
fCB,3.9344217687075385,1,237,1,,12,,1280,1280,2,f,1,1,0,4,0,,,,,,,,0,5,7,177,12,11,0,0,0,0,0,0,3
fCB,3.9511791383220514,1,238,1,,12,,1536,1536,2,c+,1,1,0,4,-1,,,,,,,,0,6,7,177,12,11,0,0,0,0,0,-1,4
fCB,3.9683673469388316,1,239,1,,12,,2048,2048,1,g+,1,1,0,4,0,,,,,,,,0,8,7,177,12,11,0,0,0,0,0,0,5
fCB,3.9845124716553855,1,240,1,,12,,2304,2304,1,f+,1,1,0,4,2,,,,,,,,0,9,7,177,12,11,0,0,0,0,0,2,6
fCB,4.001587301587358,1,241,0,,12,,768,768,3,c+,1,1,-2,4,0,,,,,,,,0,3,7,177,12,11,0,0,0,0,-1,0,1
aVC,4.001632653061281,1,241,1,,10,,768,768,3,c+,1,1,0,5,0,,,,,,,,0,3,7,177,10,11,0,0,0,0,1,0,1
fCA,4.018231292517063,1,242,0,,10,,848,848,3,c,1,1,0,5,0,,,,,,,,80,3,7,177,10,11,0,0,0,0,-1,0,1
wNC,4.0185034013606,1,242,1,,10,,848,848,3,c,1,1,0,5,-1,,,,,,,,80,3,11,177,10,11,0,0,0,0,1,-1,1
fCB,4.034580498866268,1,243,1,,10,,1024,1024,2,g+,1,1,0,5,0,,,,,,,,0,4,11,177,10,11,0,0,0,0,0,0,2
fCA,4.051224489795973,1,244,1,,10,,1152,1152,2,f+,1,1,0,5,0,,,,,,,,128,4,11,177,10,11,0,0,0,0,0,0,3
fCB,4.069637188208671,1,245,1,,10,,1280,1280,2,f,1,1,0,5,0,,,,,,,,0,5,11,177,10,11,0,0,0,0,0,0,4
fCB,4.084739229024996,1,246,1,,10,,1536,1536,2,c+,1,1,0,5,-1,,,,,,,,0,6,11,177,10,11,0,0,0,0,0,-1,5
fCB,4.101360544217739,1,247,1,,10,,2048,2048,1,g+,1,1,0,5,0,,,,,,,,0,8,11,177,10,11,0,0,0,0,0,0,6
fCB,4.118117913832251,1,248,1,,10,,2304,2304,1,f+,1,1,0,5,2,,,,,,,,0,9,11,177,10,11,0,0,0,0,0,2,7
fCB,4.135328798185991,1,249,0,,10,,768,768,3,c+,1,1,0,5,0,,,,,,,,0,3,11,177,10,11,0,0,0,0,-1,0,1
wNC,4.135555555555605,1,249,1,,10,,768,768,3,c+,1,1,0,5,0,,,,,,,,0,3,14,177,10,11,0,0,0,0,1,0,1
fCA,4.151451247165582,1,250,1,,10,,848,848,3,c,1,1,0,5,-1,,,,,,,,80,3,14,177,10,11,0,0,0,0,0,-1,2
fCB,4.168730158730206,1,251,1,,10,,1024,1024,2,g+,1,1,0,5,0,,,,,,,,0,4,14,177,10,11,0,0,0,0,0,0,3
fCA,4.184852607709797,1,252,1,,10,,1152,1152,2,f+,1,1,0,5,0,,,,,,,,128,4,14,177,10,11,0,0,0,0,0,0,4
fCB,4.201587301587347,1,253,1,,10,,1280,1280,2,f,1,1,0,5,0,,,,,,,,0,5,14,177,10,11,0,0,0,0,0,0,5
fCB,4.218321995464898,1,254,1,,10,,1536,1536,2,c+,1,1,0,5,-1,,,,,,,,0,6,14,177,10,11,0,0,0,0,0,-1,6
fCB,4.234920634920679,1,255,1,,10,,2048,2048,1,g+,1,1,0,5,0,,,,,,,,0,8,14,177,10,11,0,0,0,0,0,0,7
fCB,4.251995464852651,1,256,0,,10,,2304,2304,1,f+,1,1,0,5,0,,,,,,,,0,9,14,177,10,11,0,0,0,0,-1,0,1
wNC,4.252244897959226,1,256,1,,10,,2304,2304,1,f+,1,1,0,5,0,,,,,,,,0,9,16,177,10,11,0,0,0,0,1,0,1
fCB,4.269206349206391,1,257,0,,10,,0,0,1,r,1,1,-10,5,0,,,,,,,,0,0,16,177,10,11,0,0,0,0,-1,0,1
aVC,4.269251700680314,1,257,0,,0,,0,0,1,r,1,1,0,6,0,,,,,,,,0,0,16,177,0,11,0,0,0,0,0,0,1
mode,4.269569160997775,1,257,0,,0,,0,0,1,r,0,1,0,6,0,,,,,,,,0,0,16,179,0,11,0,0,0,0,0,0,2
fCA,0.00022675736961451246,2,0,0,,0,,80,80,1,r,0,0,0,0,3,,,,,,,,80,0,0,187,0,11,0,0,0,0,0,3,1
fCB,0.0002494331065759637,2,0,0,,0,,336,336,1,r,0,0,10,0,3,,,,,,,,80,1,0,187,0,11,0,0,0,0,0,3,1
aVC,0.0002947845804988662,2,0,0,,10,,336,336,1,r,0,0,0,1,3,,,,,,,,80,1,0,187,10,11,0,0,0,0,0,3,1
mode,0.00047619047619047614,2,0,4,,10,,336,336,4,e,1,0,0,1,-1,,,,,,,,80,1,0,187,10,11,0,0,0,0,4,-1,1
fCA,0.06380952380952382,2,4,4,,10,,448,448,3,b,1,1,0,1,1,,,,,,,,192,1,0,187,10,11,0,0,0,0,0,1,2
fCA,0.13054421768707483,2,8,4,,10,,336,336,4,e,1,1,0,1,0,,,,,,,,80,1,0,187,10,11,0,0,0,0,0,0,3
fCA,0.19716553287981858,2,12,4,,10,,296,296,4,f+,1,1,0,1,-1,,,,,,,,40,1,0,187,10,11,0,0,0,0,0,-1,4
fCA,0.26408163265306117,2,16,4,,10,,448,448,3,b,1,1,0,1,1,,,,,,,,192,1,0,187,10,11,0,0,0,0,0,1,5
fCA,0.33086167800453503,2,20,4,,10,,296,296,4,f+,1,1,0,1,1,,,,,,,,40,1,0,187,10,11,0,0,0,0,0,1,6
fCB,0.3975736961451246,2,24,4,,10,,168,168,5,e,1,1,0,1,-1,,,,,,,,168,0,0,187,10,11,0,0,0,0,0,-1,7
fCA,0.464331065759637,2,28,4,,10,,224,224,4,b,1,1,0,1,1,,,,,,,,224,0,0,187,10,11,0,0,0,0,0,1,8
fCA,0.5310430839002266,2,32,4,,10,,168,168,5,e,1,1,0,1,0,,,,,,,,168,0,0,187,10,11,0,0,0,0,0,0,9
fCA,0.5976643990929704,2,36,4,,10,,148,148,5,f+,1,1,0,1,-1,,,,,,,,148,0,0,187,10,11,0,0,0,0,0,-1,10
fCA,0.6649206349206349,2,40,4,,10,,224,224,4,b,1,1,0,1,1,,,,,,,,224,0,0,187,10,11,0,0,0,0,0,1,11
fCA,0.7313151927437642,2,44,4,,10,,148,148,5,f+,1,1,0,1,-1,,,,,,,,148,0,0,187,10,11,0,0,0,0,0,-1,12
fCA,0.7981632653061225,2,48,4,,10,,224,224,4,b,1,1,0,1,1,,,,,,,,224,0,0,187,10,11,0,0,0,0,0,1,13
fCA,0.8641723356009072,2,52,4,,10,,168,168,5,e,1,1,0,1,0,,,,,,,,168,0,0,187,10,11,0,0,0,0,0,0,14
fCA,0.9307936507936511,2,56,4,,10,,148,148,5,f+,1,1,0,1,0,,,,,,,,148,0,0,187,10,11,0,0,0,0,0,0,15
fCA,0.9979591836734697,2,60,4,,10,,112,112,5,b,1,1,0,1,-1,,,,,,,,112,0,0,187,10,11,0,0,0,0,0,-1,16
fCA,1.0658730158730163,2,64,0,,10,,224,224,4,b,1,1,-3,1,0,,,,,,,,224,0,0,187,10,11,0,0,0,0,-4,0,1
aVC,1.0659637188208622,2,64,4,,7,,224,224,4,b,1,1,0,2,1,,,,,,,,224,0,0,187,7,11,0,0,0,0,4,1,1
fCA,1.1311791383219962,2,68,4,,7,,168,168,5,e,1,1,0,2,0,,,,,,,,168,0,0,187,7,11,0,0,0,0,0,0,2
fCA,1.1978004535147402,2,72,4,,7,,148,148,5,f+,1,1,0,2,0,,,,,,,,148,0,0,187,7,11,0,0,0,0,0,0,3
fCA,1.2645578231292527,2,76,4,,7,,112,112,5,b,1,1,0,2,-1,,,,,,,,112,0,0,187,7,11,0,0,0,0,0,-1,4
fCA,1.3328798185941055,2,80,0,,7,,224,224,4,b,1,1,-2,2,0,,,,,,,,224,0,0,187,7,11,0,0,0,0,-4,0,1
aVC,1.3329705215419514,2,80,4,,5,,224,224,4,b,1,1,0,3,1,,,,,,,,224,0,0,187,5,11,0,0,0,0,4,1,1
fCA,1.3981859410430855,2,84,4,,5,,168,168,5,e,1,1,0,3,0,,,,,,,,168,0,0,187,5,11,0,0,0,0,0,0,2
fCA,1.4648072562358294,2,88,4,,5,,148,148,5,f+,1,1,0,3,0,,,,,,,,148,0,0,187,5,11,0,0,0,0,0,0,3
fCA,1.5323809523809544,2,92,9,,5,,112,112,5,b,1,1,0,3,-4,,,,,,,,112,0,0,187,5,11,0,0,0,0,5,-4,1
fCB,1.6695238095238119,2,101,0,,5,,3392,3392,1,c,1,1,6,3,0,,,,,,,,64,13,0,187,5,11,0,0,0,0,-9,0,1
aVC,1.6695691609977348,2,101,0,,11,,3392,3392,1,c,1,1,-1,4,0,,,,,,,,64,13,0,187,11,11,0,0,0,0,0,0,1
aVC,1.6814739229024982,2,101,1,,10,,3392,3392,1,c,1,1,-1,5,0,,,,,,,,64,13,0,187,10,11,0,0,0,0,1,0,1
aVC,1.6981632653061265,2,102,1,,9,,3392,3392,1,c,1,1,-1,6,0,,,,,,,,64,13,0,187,9,11,0,0,0,0,0,0,2
aVC,1.714920634920639,2,103,1,,8,,3392,3392,1,c,1,1,-1,7,0,,,,,,,,64,13,0,187,8,11,0,0,0,0,0,0,3
aVC,1.7315873015873058,2,104,1,,7,,3392,3392,1,c,1,1,-1,8,0,,,,,,,,64,13,0,187,7,11,0,0,0,0,0,0,4
aVC,1.7482766439909339,2,105,1,,6,,3392,3392,1,c,1,1,0,9,1,,,,,,,,64,13,0,187,6,11,0,0,0,0,0,1,1
fCB,1.7654875283446754,2,106,0,,6,,1696,1696,2,c,1,1,5,9,0,,,,,,,,160,6,0,187,6,11,0,0,0,0,-1,0,1
aVC,1.7655328798185983,2,106,1,,11,,1696,1696,2,c,1,1,-1,10,0,,,,,,,,160,6,0,187,11,11,0,0,0,0,1,0,1
aVC,1.7816780045351517,2,107,1,,10,,1696,1696,2,c,1,1,-1,11,0,,,,,,,,160,6,0,187,10,11,0,0,0,0,0,0,2
aVC,1.7990476190476234,2,108,1,,9,,1696,1696,2,c,1,1,-1,12,0,,,,,,,,160,6,0,187,9,11,0,0,0,0,0,0,3
aVC,1.8157596371882132,2,109,1,,8,,1696,1696,2,c,1,1,-1,13,0,,,,,,,,160,6,0,185,8,11,0,0,0,0,0,0,4
aVC,1.832018140589574,2,110,1,,7,,1696,1696,2,c,1,1,-1,14,0,,,,,,,,160,6,0,184,7,11,0,0,0,0,0,0,5
aVC,1.8487301587301634,2,111,1,,6,,1696,1696,2,c,1,1,0,15,-1,,,,,,,,160,6,0,184,6,11,0,0,0,0,0,-1,1
fCB,1.8664172335600955,2,112,0,,6,,3392,3392,1,c,1,1,5,15,0,,,,,,,,64,13,0,184,6,11,0,0,0,0,-1,0,1
aVC,1.8664625850340184,2,112,1,,11,,3392,3392,1,c,1,1,-1,16,0,,,,,,,,64,13,0,184,11,11,0,0,0,0,1,0,1
aVC,1.8820634920634969,2,113,1,,10,,3392,3392,1,c,1,1,-1,17,0,,,,,,,,64,13,0,184,10,11,0,0,0,0,0,0,2
aVC,1.898707482993202,2,114,1,,9,,3392,3392,1,c,1,1,-1,18,0,,,,,,,,64,13,0,184,9,11,0,0,0,0,0,0,3
aVC,1.9154195011337916,2,115,1,,8,,3392,3392,1,c,1,1,-1,19,0,,,,,,,,64,13,0,184,8,11,0,0,0,0,0,0,4
aVC,1.932063492063497,2,116,1,,7,,3392,3392,1,c,1,1,-1,20,0,,,,,,,,64,13,0,184,7,11,0,0,0,0,0,0,5
aVC,1.948752834467125,2,117,1,,6,,3392,3392,1,c,1,1,0,21,1,,,,,,,,64,13,0,184,6,11,0,0,0,0,0,1,1
fCB,1.9660997732426353,2,118,0,,6,,1696,1696,2,c,1,1,5,21,0,,,,,,,,160,6,0,184,6,11,0,0,0,0,-1,0,1
aVC,1.9661451247165582,2,118,1,,11,,1696,1696,2,c,1,1,-1,22,0,,,,,,,,160,6,0,184,11,11,0,0,0,0,1,0,1
aVC,1.9822902494331114,2,119,1,,10,,1696,1696,2,c,1,1,-1,23,0,,,,,,,,160,6,0,184,10,11,0,0,0,0,0,0,2
aVC,1.9988435374149707,2,120,1,,9,,1696,1696,2,c,1,1,-1,24,0,,,,,,,,160,6,0,184,9,11,0,0,0,0,0,0,3
aVC,2.01555555555556,2,121,1,,8,,1696,1696,2,c,1,1,-1,25,0,,,,,,,,160,6,0,184,8,11,0,0,0,0,0,0,4
aVC,2.032199546485266,2,122,1,,7,,1696,1696,2,c,1,1,-1,26,0,,,,,,,,160,6,0,184,7,11,0,0,0,0,0,0,5
aVC,2.0488888888888943,2,123,1,,6,,1696,1696,2,c,1,1,0,27,-1,,,,,,,,160,6,0,184,6,11,0,0,0,0,0,-1,1
fCB,2.0662585034013663,2,124,0,,6,,3392,3392,1,c,1,1,5,27,0,,,,,,,,64,13,0,184,6,11,0,0,0,0,-1,0,1
aVC,2.0663038548752892,2,124,1,,11,,3392,3392,1,c,1,1,-1,28,0,,,,,,,,64,13,0,184,11,11,0,0,0,0,1,0,1
aVC,2.0822448979591903,2,125,1,,10,,3392,3392,1,c,1,1,-1,29,0,,,,,,,,64,13,0,184,10,11,0,0,0,0,0,0,2
aVC,2.098934240362819,2,126,1,,9,,3392,3392,1,c,1,1,-1,30,0,,,,,,,,64,13,0,184,9,11,0,0,0,0,0,0,3
aVC,2.1156235827664474,2,127,1,,8,,3392,3392,1,c,1,1,-1,31,0,,,,,,,,64,13,0,184,8,11,0,0,0,0,0,0,4
aVC,2.132426303854883,2,128,1,,7,,3392,3392,1,c,1,1,-1,32,0,,,,,,,,64,13,0,184,7,11,0,0,0,0,0,0,5
aVC,2.1491156462585117,2,129,1,,6,,3392,3392,1,c,1,1,0,33,1,,,,,,,,64,13,0,184,6,11,0,0,0,0,0,1,1
fCB,2.166213151927446,2,130,0,,6,,1696,1696,2,c,1,1,5,33,0,,,,,,,,160,6,0,184,6,11,0,0,0,0,-1,0,1
aVC,2.166258503401369,2,130,1,,11,,1696,1696,2,c,1,1,-1,34,0,,,,,,,,160,6,0,184,11,11,0,0,0,0,1,0,1
aVC,2.182426303854885,2,131,1,,10,,1696,1696,2,c,1,1,-1,35,0,,,,,,,,160,6,0,184,10,11,0,0,0,0,0,0,2
aVC,2.1990702947845904,2,132,1,,9,,1696,1696,2,c,1,1,-1,36,0,,,,,,,,160,6,0,184,9,11,0,0,0,0,0,0,3
aVC,2.215759637188219,2,133,1,,8,,1696,1696,2,c,1,1,-1,37,0,,,,,,,,160,6,0,184,8,11,0,0,0,0,0,0,4
aVC,2.232426303854886,2,134,1,,7,,1696,1696,2,c,1,1,-1,38,0,,,,,,,,160,6,0,184,7,11,0,0,0,0,0,0,5
aVC,2.2491156462585145,2,135,2,,6,,1696,1696,2,c,1,1,0,39,-1,,,,,,,,160,6,0,184,6,11,0,0,0,0,1,-1,1
fCB,2.267369614512483,2,137,0,,6,,3392,3392,1,c,1,1,5,39,0,,,,,,,,64,13,0,184,6,11,0,0,0,0,-2,0,1
aVC,2.267414965986406,2,137,0,,11,,3392,3392,1,c,1,1,-1,40,0,,,,,,,,64,13,0,184,11,11,0,0,0,0,0,0,1
aVC,2.2825396825396944,2,137,1,,10,,3392,3392,1,c,1,1,-1,41,0,,,,,,,,64,13,0,184,10,11,0,0,0,0,1,0,1
aVC,2.299387755102053,2,138,1,,9,,3392,3392,1,c,1,1,-1,42,0,,,,,,,,64,13,0,184,9,11,0,0,0,0,0,0,2
aVC,2.316145124716566,2,139,1,,8,,3392,3392,1,c,1,1,-1,43,0,,,,,,,,64,13,0,184,8,11,0,0,0,0,0,0,3
aVC,2.332698412698426,2,140,1,,7,,3392,3392,1,c,1,1,-1,44,0,,,,,,,,64,13,0,184,7,11,0,0,0,0,0,0,4
aVC,2.3493877551020543,2,141,1,,6,,3392,3392,1,c,1,1,0,45,1,,,,,,,,64,13,0,184,6,11,0,0,0,0,0,1,1
fCB,2.366553287981873,2,142,0,,6,,1696,1696,2,c,1,1,5,45,0,,,,,,,,160,6,0,184,6,11,0,0,0,0,-1,0,1
aVC,2.366598639455796,2,142,1,,11,,1696,1696,2,c,1,1,-1,46,0,,,,,,,,160,6,0,184,11,11,0,0,0,0,1,0,1
aVC,2.3827437641723503,2,143,1,,10,,1696,1696,2,c,1,1,-1,47,0,,,,,,,,160,6,0,184,10,11,0,0,0,0,0,0,2
aVC,2.399433106575979,2,144,1,,9,,1696,1696,2,c,1,1,-1,48,0,,,,,,,,160,6,0,184,9,11,0,0,0,0,0,0,3
aVC,2.4161224489796074,2,145,1,,8,,1696,1696,2,c,1,1,-1,49,0,,,,,,,,160,6,0,184,8,11,0,0,0,0,0,0,4
aVC,2.4327891156462744,2,146,1,,7,,1696,1696,2,c,1,1,-1,50,0,,,,,,,,160,6,0,184,7,11,0,0,0,0,0,0,5
aVC,2.4495011337868644,2,147,2,,6,,1696,1696,2,c,1,1,0,51,-1,,,,,,,,160,6,0,184,6,11,0,0,0,0,1,-1,1
fCB,2.467142857142874,2,149,0,,6,,3392,3392,1,c,1,1,5,51,0,,,,,,,,64,13,0,184,6,11,0,0,0,0,-2,0,1
aVC,2.467188208616797,2,149,0,,11,,3392,3392,1,c,1,1,-1,52,0,,,,,,,,64,13,0,184,11,11,0,0,0,0,0,0,1
aVC,2.482879818594122,2,149,1,,10,,3392,3392,1,c,1,1,-1,53,0,,,,,,,,64,13,0,184,10,11,0,0,0,0,1,0,1
aVC,2.4994784580499045,2,150,1,,9,,3392,3392,1,c,1,1,-1,54,0,,,,,,,,64,13,0,184,9,11,0,0,0,0,0,0,2
aVC,2.5161904761904945,2,151,1,,8,,3392,3392,1,c,1,1,-1,55,0,,,,,,,,64,13,0,184,8,11,0,0,0,0,0,0,3
aVC,2.5328344671202,2,152,1,,7,,3392,3392,1,c,1,1,-1,56,0,,,,,,,,64,13,0,184,7,11,0,0,0,0,0,0,4
aVC,2.5495238095238286,2,153,2,,6,,3392,3392,1,c,1,1,0,57,1,,,,,,,,64,13,0,184,6,11,0,0,0,0,1,1,1
fCB,2.5667346938775704,2,155,0,,6,,1696,1696,2,c,1,1,5,57,0,,,,,,,,160,6,0,184,6,11,0,0,0,0,-2,0,1
aVC,2.5667800453514933,2,155,0,,11,,1696,1696,2,c,1,1,-1,58,0,,,,,,,,160,6,0,184,11,11,0,0,0,0,0,0,1
aVC,2.5829251700680476,2,155,1,,10,,1696,1696,2,c,1,1,-1,59,0,,,,,,,,160,6,0,184,10,11,0,0,0,0,1,0,1
aVC,2.599614512471676,2,156,1,,9,,1696,1696,2,c,1,1,-1,60,0,,,,,,,,160,6,0,184,9,11,0,0,0,0,0,0,2
aVC,2.616326530612266,2,157,1,,8,,1696,1696,2,c,1,1,-1,61,0,,,,,,,,160,6,0,184,8,11,0,0,0,0,0,0,3
aVC,2.6330158730158946,2,158,1,,7,,1696,1696,2,c,1,1,-1,62,0,,,,,,,,160,6,0,184,7,11,0,0,0,0,0,0,4
aVC,2.649705215419523,2,159,2,,6,,1696,1696,2,c,1,1,0,63,-1,,,,,,,,160,6,0,184,6,11,0,0,0,0,1,-1,1
fCB,2.667029478458072,2,161,0,,6,,3392,3392,1,c,1,1,5,63,0,,,,,,,,64,13,0,184,6,11,0,0,0,0,-2,0,1
aVC,2.667074829931995,2,161,0,,11,,3392,3392,1,c,1,1,-1,64,0,,,,,,,,64,13,0,184,11,11,0,0,0,0,0,0,1
aVC,2.683015873015896,2,161,1,,10,,3392,3392,1,c,1,1,-1,65,0,,,,,,,,64,13,0,184,10,11,0,0,0,0,1,0,1
aVC,2.6997052154195247,2,162,1,,9,,3392,3392,1,c,1,1,-1,66,0,,,,,,,,64,13,0,184,9,11,0,0,0,0,0,0,2
aVC,2.7164172335601147,2,163,1,,8,,3392,3392,1,c,1,1,-1,67,0,,,,,,,,64,13,0,184,8,11,0,0,0,0,0,0,3
aVC,2.7330612244898203,2,164,1,,7,,3392,3392,1,c,1,1,-1,68,0,,,,,,,,64,13,0,184,7,11,0,0,0,0,0,0,4
aVC,2.7497505668934488,2,165,2,,6,,3392,3392,1,c,1,1,0,69,1,,,,,,,,64,13,0,184,6,11,0,0,0,0,1,1,1
fCB,2.7669614512471905,2,167,0,,6,,1696,1696,2,c,1,1,5,69,0,,,,,,,,160,6,0,184,6,11,0,0,0,0,-2,0,1
aVC,2.7670068027211134,2,167,0,,11,,1696,1696,2,c,1,1,-1,70,0,,,,,,,,160,6,0,184,11,11,0,0,0,0,0,0,1
aVC,2.7831519274376677,2,167,1,,10,,1696,1696,2,c,1,1,-1,71,0,,,,,,,,160,6,0,184,10,11,0,0,0,0,1,0,1
aVC,2.799931972789142,2,168,1,,9,,1696,1696,2,c,1,1,-1,72,0,,,,,,,,160,6,0,184,9,11,0,0,0,0,0,0,2
aVC,2.8166213151927706,2,169,1,,8,,1696,1696,2,c,1,1,-1,73,0,,,,,,,,160,6,0,184,8,11,0,0,0,0,0,0,3
aVC,2.8332199546485533,2,170,1,,7,,1696,1696,2,c,1,1,-1,74,0,,,,,,,,160,6,0,184,7,11,0,0,0,0,0,0,4
aVC,2.8498866213152203,2,171,2,,6,,1696,1696,2,c,1,1,0,75,-1,,,,,,,,160,6,0,184,6,11,0,0,0,0,1,-1,1
fCB,2.868140589569189,2,173,0,,6,,3392,3392,1,c,1,1,5,75,0,,,,,,,,64,13,0,184,6,11,0,0,0,0,-2,0,1
aVC,2.868185941043112,2,173,0,,11,,3392,3392,1,c,1,1,-1,76,0,,,,,,,,64,13,0,184,11,11,0,0,0,0,0,0,1
aVC,2.8833106575964003,2,173,2,,10,,3392,3392,1,c,1,1,-1,77,0,,,,,,,,64,13,0,184,10,11,0,0,0,0,2,0,1
aVC,2.9000000000000288,2,175,1,,9,,3392,3392,1,c,1,1,-1,78,0,,,,,,,,64,13,0,184,9,11,0,0,0,0,-1,0,1
aVC,2.9167573696145417,2,176,1,,8,,3392,3392,1,c,1,1,-1,79,0,,,,,,,,64,13,0,184,8,11,0,0,0,0,0,0,2
aVC,2.9334240362812087,2,177,1,,7,,3392,3392,1,c,1,1,-1,80,0,,,,,,,,64,13,0,184,7,11,0,0,0,0,0,0,3
aVC,2.9501133786848373,2,178,1,,6,,3392,3392,1,c,1,1,0,81,1,,,,,,,,64,13,0,184,6,11,0,0,0,0,0,1,1
fCB,2.967414965986425,2,179,0,,6,,1696,1696,2,c,1,1,5,81,0,,,,,,,,160,6,0,184,6,11,0,0,0,0,-1,0,1
aVC,2.9674603174603478,2,179,1,,11,,1696,1696,2,c,1,1,-1,82,0,,,,,,,,160,6,0,184,11,11,0,0,0,0,1,0,1
aVC,2.983605442176902,2,180,1,,10,,1696,1696,2,c,1,1,-1,83,0,,,,,,,,160,6,0,184,10,11,0,0,0,0,0,0,2
aVC,3.0002040816326847,2,181,1,,9,,1696,1696,2,c,1,1,-1,84,0,,,,,,,,160,6,0,184,9,11,0,0,0,0,0,0,3
aVC,3.016893424036313,2,182,1,,8,,1696,1696,2,c,1,1,-1,85,0,,,,,,,,160,6,0,184,8,11,0,0,0,0,0,0,4
aVC,3.0335600907029803,2,183,1,,7,,1696,1696,2,c,1,1,-1,86,0,,,,,,,,160,6,0,184,7,11,0,0,0,0,0,0,5
aVC,3.0502721088435703,2,184,1,,6,,1696,1696,2,c,1,1,0,87,-1,,,,,,,,160,6,0,184,6,11,0,0,0,0,0,-1,1
fCB,3.067823129251734,2,185,0,,6,,3392,3392,1,c,1,1,5,87,0,,,,,,,,64,13,0,184,6,11,0,0,0,0,-1,0,1
aVC,3.067868480725657,2,185,1,,11,,3392,3392,1,c,1,1,-1,88,0,,,,,,,,64,13,0,184,11,11,0,0,0,0,1,0,1
aVC,3.083560090702982,2,186,1,,10,,3392,3392,1,c,1,1,-1,89,0,,,,,,,,64,13,0,184,10,11,0,0,0,0,0,0,2
aVC,3.1002494331066104,2,187,1,,9,,3392,3392,1,c,1,1,-1,90,0,,,,,,,,64,13,0,184,9,11,0,0,0,0,0,0,3
aVC,3.1169614512472004,2,188,1,,8,,3392,3392,1,c,1,1,-1,91,0,,,,,,,,64,13,0,184,8,11,0,0,0,0,0,0,4
aVC,3.133696145124752,2,189,1,,7,,3392,3392,1,c,1,1,-1,92,0,,,,,,,,64,13,0,184,7,11,0,0,0,0,0,0,5
aVC,3.1503854875283803,2,190,1,,6,,3392,3392,1,c,1,1,0,93,1,,,,,,,,64,13,0,184,6,11,0,0,0,0,0,1,1
fCB,3.167505668934276,2,191,0,,6,,1696,1696,2,c,1,1,5,93,0,,,,,,,,160,6,0,184,6,11,0,0,0,0,-1,0,1
aVC,3.167551020408199,2,191,1,,11,,1696,1696,2,c,1,1,-1,94,0,,,,,,,,160,6,0,184,11,11,0,0,0,0,1,0,1
aVC,3.1836961451247534,2,192,1,,10,,1696,1696,2,c,1,1,-1,95,0,,,,,,,,160,6,0,184,10,11,0,0,0,0,0,0,2
aVC,3.200385487528382,2,193,1,,9,,1696,1696,2,c,1,1,-1,96,0,,,,,,,,160,6,0,184,9,11,0,0,0,0,0,0,3
aVC,3.217097505668972,2,194,1,,8,,1696,1696,2,c,1,1,-1,97,0,,,,,,,,160,6,0,184,8,11,0,0,0,0,0,0,4
aVC,3.2336961451247546,2,195,1,,7,,1696,1696,2,c,1,1,-1,98,0,,,,,,,,160,6,0,184,7,11,0,0,0,0,0,0,5
aVC,3.250385487528383,2,196,1,,6,,1696,1696,2,c,1,1,0,99,-1,,,,,,,,160,6,0,184,6,11,0,0,0,0,0,-1,1
fCB,3.267800453514778,2,197,0,,6,,3392,3392,1,c,1,1,5,99,0,,,,,,,,64,13,0,184,6,11,0,0,0,0,-1,0,1
aVC,3.267845804988701,2,197,1,,11,,3392,3392,1,c,1,1,-1,100,0,,,,,,,,64,13,0,184,11,11,0,0,0,0,1,0,1
aVC,3.283786848072602,2,198,1,,10,,3392,3392,1,c,1,1,-1,101,0,,,,,,,,64,13,0,184,10,11,0,0,0,0,0,0,2
aVC,3.3005668934240764,2,199,1,,9,,3392,3392,1,c,1,1,-1,102,0,,,,,,,,64,13,0,184,9,11,0,0,0,0,0,0,3
aVC,3.3172789115646664,2,200,1,,8,,3392,3392,1,c,1,1,-1,103,0,,,,,,,,64,13,0,184,8,11,0,0,0,0,0,0,4
aVC,3.333832199546526,2,201,1,,7,,3392,3392,1,c,1,1,-1,104,0,,,,,,,,64,13,0,184,7,11,0,0,0,0,0,0,5
aVC,3.3505215419501546,2,202,1,,6,,3392,3392,1,c,1,1,0,105,1,,,,,,,,64,13,0,184,6,11,0,0,0,0,0,1,1
fCB,3.3677324263038964,2,203,0,,6,,1696,1696,2,c,1,1,5,105,0,,,,,,,,160,6,0,184,6,11,0,0,0,0,-1,0,1
aVC,3.3677777777778193,2,203,1,,11,,1696,1696,2,c,1,1,-1,106,0,,,,,,,,160,6,0,184,11,11,0,0,0,0,1,0,1
aVC,3.3839229024943736,2,204,1,,10,,1696,1696,2,c,1,1,-1,107,0,,,,,,,,160,6,0,184,10,11,0,0,0,0,0,0,2
aVC,3.400612244898002,2,205,1,,9,,1696,1696,2,c,1,1,-1,108,0,,,,,,,,160,6,0,184,9,11,0,0,0,0,0,0,3
aVC,3.4173015873016306,2,206,1,,8,,1696,1696,2,c,1,1,-1,109,0,,,,,,,,160,6,0,184,8,11,0,0,0,0,0,0,4
aVC,3.433990929705259,2,207,1,,7,,1696,1696,2,c,1,1,-1,110,0,,,,,,,,160,6,0,184,7,11,0,0,0,0,0,0,5
aVC,3.4506802721088876,2,208,1,,6,,1696,1696,2,c,1,1,0,111,-1,,,,,,,,160,6,0,184,6,11,0,0,0,0,0,-1,1
fCB,3.4693650793651236,2,209,0,,6,,3392,3392,1,c,1,1,5,111,0,,,,,,,,64,13,0,184,6,11,0,0,0,0,-1,0,1
aVC,3.469387755102085,2,209,1,,11,,3392,3392,1,c,1,1,-1,112,0,,,,,,,,64,13,0,184,11,11,0,0,0,0,1,0,1
aVC,3.484829931972834,2,210,0,,10,,3392,3392,1,c,1,1,0,113,0,,,,,,,,64,13,0,184,10,11,0,0,0,0,-1,0,1
wNC,3.4848979591837184,2,210,1,,10,,3392,3392,1,c,1,1,-1,113,0,,,,,,,,64,13,31,184,10,11,0,0,0,0,1,0,1
aVC,3.501088435374195,2,211,1,,9,,3392,3392,1,c,1,1,-1,114,0,,,,,,,,64,13,31,176,9,11,0,0,0,0,0,0,2
aVC,3.517845804988708,2,212,1,,8,,3392,3392,1,c,1,1,-1,115,0,,,,,,,,64,13,31,176,8,11,0,0,0,0,0,0,3
aVC,3.5344897959184136,2,213,1,,7,,3392,3392,1,c,1,1,-1,116,0,,,,,,,,64,13,31,176,7,11,0,0,0,0,0,0,4
aVC,3.5512471655329265,2,214,1,,6,,3392,3392,1,c,1,1,0,117,1,,,,,,,,64,13,31,176,6,11,0,0,0,0,0,1,1
fCB,3.568390022675784,2,215,0,,6,,1696,1696,2,c,1,1,5,117,0,,,,,,,,160,6,31,176,6,11,0,0,0,0,-1,0,1
aVC,3.568435374149707,2,215,1,,11,,1696,1696,2,c,1,1,-1,118,0,,,,,,,,160,6,31,176,11,11,0,0,0,0,1,0,1
aVC,3.584580498866261,2,216,1,,10,,1696,1696,2,c,1,1,-1,119,0,,,,,,,,160,6,31,176,10,11,0,0,0,0,0,0,2
aVC,3.6014512471655813,2,217,1,,9,,1696,1696,2,c,1,1,-1,120,0,,,,,,,,160,6,31,176,9,11,0,0,0,0,0,0,3
aVC,3.61814058956921,2,218,0,,8,,1696,1696,2,c,1,1,0,121,0,,,,,,,,160,6,31,176,8,11,0,0,0,0,-1,0,1
wNC,3.618208616780094,2,218,1,,8,,1696,1696,2,c,1,1,-1,121,0,,,,,,,,160,6,29,176,8,11,0,0,0,0,1,0,1
aVC,3.6346938775510695,2,219,0,,7,,1696,1696,2,c,1,1,0,122,0,,,,,,,,160,6,29,177,7,11,0,0,0,0,-1,0,1
wNC,3.634761904761954,2,219,1,,7,,1696,1696,2,c,1,1,-1,122,0,,,,,,,,160,6,26,177,7,11,0,0,0,0,1,0,1
aVC,3.651383219954698,2,220,0,,6,,1696,1696,2,c,1,1,0,123,0,,,,,,,,160,6,26,177,6,11,0,0,0,0,-1,0,1
wNC,3.651473922902544,2,220,1,,6,,1696,1696,2,c,1,1,0,123,-1,,,,,,,,160,6,23,177,6,11,0,0,0,0,1,-1,1
fCB,3.6689795918367847,2,221,0,,6,,3392,3392,1,c,1,1,5,123,0,,,,,,,,64,13,23,177,6,11,0,0,0,0,-1,0,1
aVC,3.6690249433107076,2,221,0,,11,,3392,3392,1,c,1,1,0,124,0,,,,,,,,64,13,23,177,11,11,0,0,0,0,0,0,1
wNC,3.669092970521592,2,221,1,,11,,3392,3392,1,c,1,1,-1,124,0,,,,,,,,64,13,19,177,11,11,0,0,0,0,1,0,1
aVC,3.684739229024994,2,222,0,,10,,3392,3392,1,c,1,1,0,125,0,,,,,,,,64,13,19,177,10,11,0,0,0,0,-1,0,1
wNC,3.6848072562358785,2,222,1,,10,,3392,3392,1,c,1,1,-1,125,0,,,,,,,,64,13,16,177,10,11,0,0,0,0,1,0,1
aVC,3.701360544217738,2,223,0,,9,,3392,3392,1,c,1,1,0,126,0,,,,,,,,64,13,16,177,9,11,0,0,0,0,-1,0,1
wNC,3.7014285714286226,2,223,1,,9,,3392,3392,1,c,1,1,-1,126,0,,,,,,,,64,13,12,177,9,11,0,0,0,0,1,0,1
aVC,3.718072562358328,2,224,0,,8,,3392,3392,1,c,1,1,0,127,0,,,,,,,,64,13,12,177,8,11,0,0,0,0,-1,0,1
wNC,3.7181405895692126,2,224,1,,8,,3392,3392,1,c,1,1,-1,127,0,,,,,,,,64,13,9,177,8,11,0,0,0,0,1,0,1
aVC,3.7351247165533397,2,225,0,,7,,3392,3392,1,c,1,1,0,128,0,,,,,,,,64,13,9,177,7,11,0,0,0,0,-1,0,1
wNC,3.735192743764224,2,225,1,,7,,3392,3392,1,c,1,1,-1,128,0,,,,,,,,64,13,6,177,7,11,0,0,0,0,1,0,1
aVC,3.7514285714286233,2,226,0,,6,,3392,3392,1,c,1,1,0,129,0,,,,,,,,64,13,6,177,6,11,0,0,0,0,-1,0,1
wNC,3.7514965986395077,2,226,1,,6,,3392,3392,1,c,1,1,0,129,1,,,,,,,,64,13,3,177,6,11,0,0,0,0,1,1,1
fCB,3.768639455782365,2,227,0,,6,,1696,1696,2,c,1,1,5,129,0,,,,,,,,160,6,3,177,6,11,0,0,0,0,-1,0,1
aVC,3.768684807256288,2,227,0,,11,,1696,1696,2,c,1,1,0,130,0,,,,,,,,160,6,3,177,11,11,0,0,0,0,0,0,1
wNC,3.7687528344671724,2,227,1,,11,,1696,1696,2,c,1,1,-1,130,0,,,,,,,,160,6,1,177,11,11,0,0,0,0,1,0,1
aVC,3.784943310657649,2,228,0,,10,,1696,1696,2,c,1,1,0,131,0,,,,,,,,160,6,1,177,10,11,0,0,0,0,-1,0,1
wNC,3.7850113378685335,2,228,1,,10,,1696,1696,2,c,1,1,-1,131,0,,,,,,,,160,6,4,177,10,11,0,0,0,0,1,0,1
aVC,3.801156462585087,2,229,1,,9,,1696,1696,2,c,1,1,-1,132,0,,,,,,,,160,6,4,177,9,11,0,0,0,0,0,0,2
aVC,3.8179138321996,2,230,1,,8,,1696,1696,2,c,1,1,-1,133,0,,,,,,,,160,6,4,177,8,11,0,0,0,0,0,0,3
aVC,3.8344671201814595,2,231,1,,7,,1696,1696,2,c,1,1,-1,134,0,,,,,,,,160,6,4,177,7,11,0,0,0,0,0,0,4
aVC,3.851156462585088,2,232,1,,6,,1696,1696,2,c,1,1,0,135,-1,,,,,,,,160,6,4,177,6,11,0,0,0,0,0,-1,1
fCB,3.8687301587302128,2,233,0,,6,,3392,3392,1,c,1,1,5,135,0,,,,,,,,64,13,4,177,6,11,0,0,0,0,-1,0,1
aVC,3.8687755102041357,2,233,1,,11,,3392,3392,1,c,1,1,-1,136,0,,,,,,,,64,13,4,177,11,11,0,0,0,0,1,0,1
aVC,3.8845578231293065,2,234,1,,10,,3392,3392,1,c,1,1,-1,137,0,,,,,,,,64,13,4,177,10,11,0,0,0,0,0,0,2
aVC,3.901609977324318,2,235,0,,9,,3392,3392,1,c,1,1,0,138,0,,,,,,,,64,13,4,177,9,11,0,0,0,0,-1,0,1
wNC,3.9016780045352024,2,235,1,,9,,3392,3392,1,c,1,1,-1,138,0,,,,,,,,64,13,7,177,9,11,0,0,0,0,1,0,1
aVC,3.9179591836735246,2,236,1,,8,,3392,3392,1,c,1,1,-1,139,0,,,,,,,,64,13,7,177,8,11,0,0,0,0,0,0,2
aVC,3.93460317460323,2,237,1,,7,,3392,3392,1,c,1,1,-1,140,0,,,,,,,,64,13,7,177,7,11,0,0,0,0,0,0,3
aVC,3.9513378684807816,2,238,1,,6,,3392,3392,1,c,1,1,0,141,1,,,,,,,,64,13,7,177,6,11,0,0,0,0,0,1,1
fCB,3.968480725623639,2,239,0,,6,,1696,1696,2,c,1,1,5,141,0,,,,,,,,160,6,7,177,6,11,0,0,0,0,-1,0,1
aVC,3.968526077097562,2,239,1,,11,,1696,1696,2,c,1,1,-1,142,0,,,,,,,,160,6,7,177,11,11,0,0,0,0,1,0,1
aVC,3.9846712018141157,2,240,1,,10,,1696,1696,2,c,1,1,-1,143,0,,,,,,,,160,6,7,177,10,11,0,0,0,0,0,0,2
aVC,4.001746031746088,2,241,1,,9,,1696,1696,2,c,1,1,-1,144,0,,,,,,,,160,6,7,177,9,11,0,0,0,0,0,0,3
aVC,4.018435374149716,2,242,0,,8,,1696,1696,2,c,1,1,0,145,0,,,,,,,,160,6,7,177,8,11,0,0,0,0,-1,0,1
wNC,4.0185034013606,2,242,1,,8,,1696,1696,2,c,1,1,-1,145,0,,,,,,,,160,6,11,177,8,11,0,0,0,0,1,0,1
aVC,4.034739229024998,2,243,1,,7,,1696,1696,2,c,1,1,-1,146,0,,,,,,,,160,6,11,177,7,11,0,0,0,0,0,0,2
aVC,4.051451247165588,2,244,1,,6,,1696,1696,2,c,1,1,0,147,-1,,,,,,,,160,6,11,177,6,11,0,0,0,0,0,-1,1
fCB,4.069750566893478,2,245,0,,6,,3392,3392,1,c,1,1,5,147,0,,,,,,,,64,13,11,177,6,11,0,0,0,0,-1,0,1
aVC,4.069795918367401,2,245,1,,11,,3392,3392,1,c,1,1,-1,148,0,,,,,,,,64,13,11,177,11,11,0,0,0,0,1,0,1
aVC,4.084920634920688,2,246,1,,10,,3392,3392,1,c,1,1,-1,149,0,,,,,,,,64,13,11,177,10,11,0,0,0,0,0,0,2
aVC,4.101541950113431,2,247,1,,9,,3392,3392,1,c,1,1,-1,150,0,,,,,,,,64,13,11,177,9,11,0,0,0,0,0,0,3
aVC,4.118299319727942,2,248,1,,8,,3392,3392,1,c,1,1,-1,151,0,,,,,,,,64,13,11,177,8,11,0,0,0,0,0,0,4
aVC,4.135487528344721,2,249,0,,7,,3392,3392,1,c,1,1,0,152,0,,,,,,,,64,13,11,177,7,11,0,0,0,0,-1,0,1
wNC,4.135555555555605,2,249,1,,7,,3392,3392,1,c,1,1,-1,152,0,,,,,,,,64,13,14,177,7,11,0,0,0,0,1,0,1
aVC,4.151655328798235,2,250,1,,6,,3392,3392,1,c,1,1,0,153,1,,,,,,,,64,13,14,177,6,11,0,0,0,0,0,1,1
fCB,4.168866213151975,2,251,0,,6,,1696,1696,2,c,1,1,5,153,0,,,,,,,,160,6,14,177,6,11,0,0,0,0,-1,0,1
aVC,4.168911564625898,2,251,1,,11,,1696,1696,2,c,1,1,-1,154,0,,,,,,,,160,6,14,177,11,11,0,0,0,0,1,0,1
aVC,4.18505668934245,2,252,1,,10,,1696,1696,2,c,1,1,-1,155,0,,,,,,,,160,6,14,177,10,11,0,0,0,0,0,0,2
aVC,4.201746031746077,2,253,1,,9,,1696,1696,2,c,1,1,-1,156,0,,,,,,,,160,6,14,177,9,11,0,0,0,0,0,0,3
aVC,4.218503401360589,2,254,1,,8,,1696,1696,2,c,1,1,-1,157,0,,,,,,,,160,6,14,177,8,11,0,0,0,0,0,0,4
aVC,4.235102040816371,2,255,1,,7,,1696,1696,2,c,1,1,-1,158,0,,,,,,,,160,6,14,177,7,11,0,0,0,0,0,0,5
aVC,4.25215419501138,2,256,0,,6,,1696,1696,2,c,1,1,0,159,0,,,,,,,,160,6,14,177,6,11,0,0,0,0,-1,0,1
wNC,4.252244897959226,2,256,1,,6,,1696,1696,2,c,1,1,0,159,-1,,,,,,,,160,6,16,177,6,11,0,0,0,0,1,-1,1
fCB,4.26934240362816,2,257,0,,6,,3392,3392,1,c,1,1,5,159,0,,,,,,,,64,13,16,177,6,11,0,0,0,0,-1,0,1
aVC,4.269387755102083,2,257,1,,11,,3392,3392,1,c,1,1,-1,160,0,,,,,,,,64,13,16,177,11,11,0,0,0,0,1,0,1
aVC,4.284739229024986,2,258,1,,10,,3392,3392,1,c,1,1,-1,161,0,,,,,,,,64,13,16,179,10,11,0,0,0,0,0,0,2
aVC,4.301428571428613,2,259,1,,9,,3392,3392,1,c,1,1,-1,162,0,,,,,,,,64,13,16,179,9,11,0,0,0,0,0,0,3
aVC,4.318140589569203,2,260,1,,8,,3392,3392,1,c,1,1,-1,163,0,,,,,,,,64,13,16,179,8,11,0,0,0,0,0,0,4
aVC,4.3347845804989085,2,261,1,,7,,3392,3392,1,c,1,1,-1,164,0,,,,,,,,64,13,16,179,7,11,0,0,0,0,0,0,5
aVC,4.351473922902536,2,262,1,,6,,3392,3392,1,c,1,1,0,165,1,,,,,,,,64,13,16,179,6,11,0,0,0,0,0,1,1
fCB,4.3689569160998145,2,263,0,,6,,1696,1696,2,c,1,1,5,165,0,,,,,,,,160,6,16,179,6,11,0,0,0,0,-1,0,1
aVC,4.369002267573737,2,263,1,,11,,1696,1696,2,c,1,1,-1,166,0,,,,,,,,160,6,16,179,11,11,0,0,0,0,1,0,1
aVC,4.384875283446753,2,264,1,,10,,1696,1696,2,c,1,1,-1,167,0,,,,,,,,160,6,16,179,10,11,0,0,0,0,0,0,2
aVC,4.401564625850381,2,265,1,,9,,1696,1696,2,c,1,1,-1,168,0,,,,,,,,160,6,16,179,9,11,0,0,0,0,0,0,3
aVC,4.41827664399097,2,266,1,,8,,1696,1696,2,c,1,1,-1,169,0,,,,,,,,160,6,16,179,8,11,0,0,0,0,0,0,4
aVC,4.434875283446753,2,267,1,,7,,1696,1696,2,c,1,1,-1,170,0,,,,,,,,160,6,16,179,7,11,0,0,0,0,0,0,5
aVC,4.451564625850382,2,268,1,,6,,1696,1696,2,c,1,1,0,171,-1,,,,,,,,160,6,16,179,6,11,0,0,0,0,0,-1,1
fCB,4.468979591836776,2,269,0,,6,,3392,3392,1,c,1,1,5,171,0,,,,,,,,64,13,16,179,6,11,0,0,0,0,-1,0,1
aVC,4.469024943310699,2,269,1,,11,,3392,3392,1,c,1,1,-1,172,0,,,,,,,,64,13,16,179,11,11,0,0,0,0,1,0,1
aVC,4.485034013605483,2,270,1,,10,,3392,3392,1,c,1,1,-1,173,0,,,,,,,,64,13,16,179,10,11,0,0,0,0,0,0,2
aVC,4.5016099773243035,2,271,1,,9,,3392,3392,1,c,1,1,-1,174,0,,,,,,,,64,13,16,187,9,11,0,0,0,0,0,0,3
aVC,4.518321995464893,2,272,1,,8,,3392,3392,1,c,1,1,-1,175,0,,,,,,,,64,13,16,187,8,11,0,0,0,0,0,0,4
aVC,4.534965986394599,2,273,1,,7,,3392,3392,1,c,1,1,-1,176,0,,,,,,,,64,13,16,187,7,11,0,0,0,0,0,0,5
aVC,4.551655328798227,2,274,1,,6,,3392,3392,1,c,1,1,0,177,1,,,,,,,,64,13,16,187,6,11,0,0,0,0,0,1,1
fCB,4.568866213151969,2,275,0,,6,,1696,1696,2,c,1,1,5,177,0,,,,,,,,160,6,16,187,6,11,0,0,0,0,-1,0,1
aVC,4.568911564625892,2,275,1,,11,,1696,1696,2,c,1,1,-1,178,0,,,,,,,,160,6,16,187,11,11,0,0,0,0,1,0,1
aVC,4.585056689342445,2,276,1,,10,,1696,1696,2,c,1,1,-1,179,0,,,,,,,,160,6,16,187,10,11,0,0,0,0,0,0,2
aVC,4.601746031746074,2,277,1,,9,,1696,1696,2,c,1,1,-1,180,0,,,,,,,,160,6,16,187,9,11,0,0,0,0,0,0,3
aVC,4.618435374149702,2,278,1,,8,,1696,1696,2,c,1,1,-1,181,0,,,,,,,,160,6,16,187,8,11,0,0,0,0,0,0,4
aVC,4.63512471655333,2,279,1,,7,,1696,1696,2,c,1,1,-1,182,0,,,,,,,,160,6,16,187,7,11,0,0,0,0,0,0,5
aVC,4.6518140589569565,2,280,1,,6,,1696,1696,2,c,1,1,0,183,-1,,,,,,,,160,6,16,187,6,11,0,0,0,0,0,-1,1
fCB,4.670702947845845,2,281,0,,6,,3392,3392,1,c,1,1,5,183,0,,,,,,,,64,13,16,187,6,11,0,0,0,0,-1,0,1
aVC,4.670748299319768,2,281,1,,11,,3392,3392,1,c,1,1,-1,184,0,,,,,,,,64,13,16,187,11,11,0,0,0,0,1,0,1
aVC,4.685215419501172,2,282,1,,10,,3392,3392,1,c,1,1,-1,185,0,,,,,,,,64,13,16,187,10,11,0,0,0,0,0,0,2
aVC,4.7019274376417615,2,283,1,,9,,3392,3392,1,c,1,1,-1,186,0,,,,,,,,64,13,16,187,9,11,0,0,0,0,0,0,3
aVC,4.718684807256273,2,284,1,,8,,3392,3392,1,c,1,1,-1,187,0,,,,,,,,64,13,16,187,8,11,0,0,0,0,0,0,4
aVC,4.735328798185977,2,285,1,,7,,3392,3392,1,c,1,1,-1,188,0,,,,,,,,64,13,16,187,7,11,0,0,0,0,0,0,5
aVC,4.752018140589604,2,286,1,,6,,3392,3392,1,c,1,1,5,189,0,,,,,,,,64,13,16,187,6,11,0,0,0,0,0,0,1
aVC,4.7697505668934586,2,287,1,,11,,3392,3392,1,c,1,1,-1,190,0,,,,,,,,64,13,16,187,11,11,0,0,0,0,0,0,1
aVC,4.785419501133821,2,288,1,,10,,3392,3392,1,c,1,1,-1,191,0,,,,,,,,64,13,16,187,10,11,0,0,0,0,0,0,2
aVC,4.802108843537448,2,289,1,,9,,3392,3392,1,c,1,1,-1,192,0,,,,,,,,64,13,16,187,9,11,0,0,0,0,0,0,3
aVC,4.818820861678038,2,290,1,,8,,3392,3392,1,c,1,1,-1,193,0,,,,,,,,64,13,16,187,8,11,0,0,0,0,0,0,4
aVC,4.835396825396859,2,291,58,,7,,3392,3392,1,c,1,1,-1,194,0,,,,,,,,64,13,16,187,7,11,0,0,0,0,57,0,1
aVC,5.803242630385518,2,349,1,,6,,3392,3392,1,c,1,1,-1,195,0,,,,,,,,64,13,16,187,6,11,0,0,0,0,-57,0,1
aVC,5.8199319727891465,2,350,1,,5,,3392,3392,1,c,1,1,-1,196,0,,,,,,,,64,13,16,187,5,11,0,0,0,0,0,0,2
aVC,5.836643990929736,2,351,1,,4,,3392,3392,1,c,1,1,-1,197,0,,,,,,,,64,13,16,187,4,11,0,0,0,0,0,0,3
aVC,5.853333333333363,2,352,1,,3,,3392,3392,1,c,1,1,0,198,0,,,,,,,,64,13,16,187,3,11,0,0,0,0,0,0,1
fCB,5.870204081632682,2,353,0,,3,,0,0,1,r,1,1,-3,198,0,,,,,,,,0,0,16,187,3,11,0,0,0,0,-1,0,1
aVC,5.870249433106605,2,353,0,,0,,0,0,1,r,1,1,0,199,0,,,,,,,,0,0,16,187,0,11,0,0,0,0,0,0,1
mode,5.870430839002297,2,353,0,,0,,0,0,1,r,0,1,0,199,0,,,,,,,,0,0,16,191,0,11,0,0,0,0,0,0,2
